"Density","Energy","Mach","Pressure","Pressure_Coefficient","Temperature","rp","Points:0","Points:1","Points:2"
7.8658,1.978e+06,0.19019,7.8327e+05,8.7438e+18,335.29,0.97491,-2.3077,0,0
7.8657,1.978e+06,0.19041,7.8327e+05,8.7437e+18,335.29,0.9749,-2.2954,0,0
7.8657,1.9781e+06,0.19064,7.8326e+05,8.7436e+18,335.29,0.97489,-2.2831,0,0
7.8656,1.9781e+06,0.19086,7.8325e+05,8.7435e+18,335.28,0.97489,-2.2708,0,0
7.8653,1.9781e+06,0.19112,7.8322e+05,8.7431e+18,335.28,0.97484,-2.2585,0,0
7.8644,1.9778e+06,0.19147,7.8309e+05,8.7414e+18,335.26,0.97468,-2.2462,0,0
7.8635,1.9776e+06,0.19183,7.8297e+05,8.7398e+18,335.25,0.97453,-2.2338,0,0
7.8626,1.9773e+06,0.19219,7.8284e+05,8.7382e+18,335.23,0.97437,-2.2215,0,0
7.8619,1.9772e+06,0.1926,7.8273e+05,8.7368e+18,335.22,0.97424,-2.2092,0,0
7.8612,1.977e+06,0.19308,7.8264e+05,8.7356e+18,335.21,0.97412,-2.1969,0,0
7.8606,1.9769e+06,0.19355,7.8255e+05,8.7344e+18,335.2,0.97401,-2.1846,0,0
7.8599,1.9767e+06,0.19402,7.8245e+05,8.7331e+18,335.18,0.97389,-2.1723,0,0
7.8588,1.9765e+06,0.19465,7.823e+05,8.7312e+18,335.17,0.9737,-2.16,0,0
7.8576,1.9762e+06,0.19534,7.8213e+05,8.729e+18,335.15,0.97349,-2.1477,0,0
7.8564,1.9759e+06,0.19602,7.8196e+05,8.7267e+18,335.12,0.97328,-2.1354,0,0
7.8551,1.9756e+06,0.1967,7.8179e+05,8.7245e+18,335.1,0.97306,-2.1231,0,0
7.8537,1.9753e+06,0.19759,7.8159e+05,8.722e+18,335.08,0.97282,-2.1108,0,0
7.8523,1.975e+06,0.19847,7.814e+05,8.7195e+18,335.06,0.97258,-2.0985,0,0
7.8509,1.9747e+06,0.19936,7.812e+05,8.7169e+18,335.03,0.97234,-2.0862,0,0
7.8494,1.9744e+06,0.2003,7.8099e+05,8.7142e+18,335.01,0.97207,-2.0738,0,0
7.8476,1.974e+06,0.20139,7.8073e+05,8.7108e+18,334.97,0.97175,-2.0615,0,0
7.8457,1.9736e+06,0.20249,7.8047e+05,8.7074e+18,334.94,0.97142,-2.0492,0,0
7.8439,1.9732e+06,0.20359,7.8021e+05,8.704e+18,334.91,0.9711,-2.0369,0,0
7.8422,1.9728e+06,0.20459,7.7997e+05,8.7009e+18,334.88,0.9708,-2.0246,0,0
7.8406,1.9724e+06,0.20549,7.7976e+05,8.6982e+18,334.85,0.97054,-2.0123,0,0
7.839,1.9721e+06,0.2064,7.7954e+05,8.6954e+18,334.83,0.97027,-2,0,0
7.8374,1.9718e+06,0.2073,7.7933e+05,8.6926e+18,334.81,0.97,-1.9877,0,0
7.835,1.9712e+06,0.20872,7.7899e+05,8.6882e+18,334.76,0.96958,-1.9754,0,0
7.8323,1.9706e+06,0.2103,7.7861e+05,8.6832e+18,334.71,0.9691,-1.9631,0,0
7.8296,1.97e+06,0.21189,7.7822e+05,8.6782e+18,334.66,0.96863,-1.9508,0,0
7.827,1.9694e+06,0.21348,7.7784e+05,8.6732e+18,334.61,0.96815,-1.9385,0,0
7.8244,1.9689e+06,0.21498,7.7749e+05,8.6686e+18,334.57,0.96771,-1.9262,0,0
7.8217,1.9683e+06,0.21648,7.7713e+05,8.664e+18,334.53,0.96727,-1.9138,0,0
7.8191,1.9678e+06,0.21799,7.7678e+05,8.6594e+18,334.49,0.96683,-1.9015,0,0
7.8163,1.9672e+06,0.21954,7.7639e+05,8.6544e+18,334.44,0.96634,-1.8892,0,0
7.8128,1.9663e+06,0.22124,7.759e+05,8.6481e+18,334.38,0.96574,-1.8769,0,0
7.8093,1.9655e+06,0.22295,7.7542e+05,8.6418e+18,334.32,0.96513,-1.8646,0,0
7.8058,1.9647e+06,0.22465,7.7493e+05,8.6355e+18,334.26,0.96453,-1.8523,0,0
7.8028,1.964e+06,0.22631,7.7451e+05,8.63e+18,334.21,0.964,-1.84,0,0
7.8003,1.9635e+06,0.22794,7.7415e+05,8.6254e+18,334.16,0.96356,-1.8277,0,0
7.7978,1.963e+06,0.22957,7.738e+05,8.6207e+18,334.12,0.96312,-1.8154,0,0
7.7952,1.9625e+06,0.23119,7.7344e+05,8.6161e+18,334.07,0.96267,-1.8031,0,0
7.7922,1.9619e+06,0.23292,7.7301e+05,8.6106e+18,334.02,0.96214,-1.7908,0,0
7.7889,1.9612e+06,0.23468,7.7257e+05,8.6048e+18,333.97,0.96159,-1.7785,0,0
7.7856,1.9605e+06,0.23644,7.7212e+05,8.5989e+18,333.91,0.96103,-1.7662,0,0
7.7823,1.9598e+06,0.23819,7.7167e+05,8.5931e+18,333.86,0.96047,-1.7538,0,0
7.7776,1.9588e+06,0.24071,7.71e+05,8.5844e+18,333.77,0.95964,-1.7415,0,0
7.7728,1.9577e+06,0.24323,7.7033e+05,8.5757e+18,333.69,0.9588,-1.7292,0,0
7.7681,1.9567e+06,0.24575,7.6966e+05,8.567e+18,333.6,0.95797,-1.7169,0,0
7.7634,1.9557e+06,0.24816,7.6901e+05,8.5586e+18,333.52,0.95716,-1.7046,0,0
7.7591,1.9547e+06,0.25027,7.6842e+05,8.5509e+18,333.45,0.95642,-1.6923,0,0
7.7547,1.9538e+06,0.25237,7.6783e+05,8.5432e+18,333.38,0.95569,-1.68,0,0
7.7504,1.9529e+06,0.25448,7.6724e+05,8.5356e+18,333.31,0.95495,-1.6677,0,0
7.7458,1.9519e+06,0.25668,7.6661e+05,8.5274e+18,333.24,0.95417,-1.6554,0,0
7.7409,1.9508e+06,0.25898,7.6594e+05,8.5187e+18,333.16,0.95333,-1.6431,0,0
7.736,1.9497e+06,0.26127,7.6527e+05,8.51e+18,333.07,0.9525,-1.6308,0,0
7.7311,1.9487e+06,0.26357,7.646e+05,8.5012e+18,332.99,0.95166,-1.6185,0,0
7.7259,1.9475e+06,0.26599,7.6388e+05,8.492e+18,332.91,0.95078,-1.6062,0,0
7.7206,1.9464e+06,0.26845,7.6316e+05,8.4826e+18,332.82,0.94988,-1.5938,0,0
7.7153,1.9453e+06,0.27091,7.6243e+05,8.4732e+18,332.73,0.94897,-1.5815,0,0
7.7101,1.9441e+06,0.27337,7.6171e+05,8.4637e+18,332.64,0.94807,-1.5692,0,0
7.7043,1.9429e+06,0.27599,7.6091e+05,8.4534e+18,332.54,0.94708,-1.5569,0,0
7.6985,1.9416e+06,0.27861,7.6012e+05,8.4431e+18,332.45,0.94609,-1.5446,0,0
7.6926,1.9403e+06,0.28123,7.5932e+05,8.4327e+18,332.35,0.9451,-1.5323,0,0
7.6867,1.9391e+06,0.2839,7.5851e+05,8.4222e+18,332.25,0.94409,-1.52,0,0
7.6806,1.9377e+06,0.28669,7.5766e+05,8.4111e+18,332.14,0.94303,-1.5077,0,0
7.6744,1.9364e+06,0.28948,7.5681e+05,8.4001e+18,332.04,0.94197,-1.4954,0,0
7.6682,1.9351e+06,0.29227,7.5595e+05,8.389e+18,331.93,0.94091,-1.4831,0,0
7.662,1.9338e+06,0.29505,7.5511e+05,8.378e+18,331.82,0.93986,-1.4708,0,0
7.6559,1.9325e+06,0.29781,7.5428e+05,8.3672e+18,331.72,0.93882,-1.4585,0,0
7.6498,1.9313e+06,0.30058,7.5344e+05,8.3564e+18,331.62,0.93778,-1.4462,0,0
7.6436,1.93e+06,0.30335,7.5261e+05,8.3455e+18,331.52,0.93674,-1.4338,0,0
7.6353,1.9282e+06,0.30678,7.5145e+05,8.3306e+18,331.37,0.93531,-1.4215,0,0
7.6262,1.9261e+06,0.31043,7.502e+05,8.3142e+18,331.21,0.93374,-1.4092,0,0
7.6172,1.9241e+06,0.31408,7.4894e+05,8.2979e+18,331.05,0.93217,-1.3969,0,0
7.6081,1.922e+06,0.31773,7.4768e+05,8.2815e+18,330.89,0.93061,-1.3846,0,0
7.602,1.9208e+06,0.32066,7.4683e+05,8.2705e+18,330.78,0.92955,-1.3723,0,0
7.5959,1.9196e+06,0.32359,7.4598e+05,8.2595e+18,330.67,0.9285,-1.36,0,0
7.5898,1.9184e+06,0.32652,7.4513e+05,8.2485e+18,330.56,0.92744,-1.3477,0,0
7.5831,1.9171e+06,0.32956,7.442e+05,8.2364e+18,330.44,0.92628,-1.3354,0,0
7.5745,1.9152e+06,0.33295,7.4302e+05,8.2211e+18,330.29,0.92482,-1.3231,0,0
7.566,1.9134e+06,0.33634,7.4185e+05,8.2058e+18,330.14,0.92335,-1.3108,0,0
7.5574,1.9115e+06,0.33973,7.4067e+05,8.1905e+18,329.99,0.92188,-1.2985,0,0
7.5488,1.9097e+06,0.34317,7.3948e+05,8.1751e+18,329.83,0.92041,-1.2862,0,0
7.5401,1.9078e+06,0.34664,7.3829e+05,8.1596e+18,329.68,0.91892,-1.2738,0,0
7.5314,1.906e+06,0.35011,7.3709e+05,8.1441e+18,329.53,0.91743,-1.2615,0,0
7.5227,1.9042e+06,0.35359,7.359e+05,8.1286e+18,329.37,0.91595,-1.2492,0,0
7.5136,1.9022e+06,0.35713,7.3465e+05,8.1123e+18,329.21,0.91439,-1.2369,0,0
7.5043,1.9002e+06,0.3607,7.3337e+05,8.0957e+18,329.05,0.9128,-1.2246,0,0
7.495,1.8982e+06,0.36426,7.3209e+05,8.0792e+18,328.88,0.91121,-1.2123,0,0
7.4857,1.8963e+06,0.36783,7.3082e+05,8.0626e+18,328.72,0.90962,-1.2,0,0
7.4759,1.8941e+06,0.3713,7.2947e+05,8.0451e+18,328.54,0.90795,-1.1877,0,0
7.466,1.8919e+06,0.37477,7.2812e+05,8.0276e+18,328.37,0.90627,-1.1754,0,0
7.4561,1.8897e+06,0.37824,7.2678e+05,8.0101e+18,328.19,0.90459,-1.1631,0,0
7.4462,1.8876e+06,0.38181,7.2542e+05,7.9925e+18,328.02,0.90291,-1.1508,0,0
7.4364,1.8856e+06,0.38571,7.2406e+05,7.9748e+18,327.84,0.90121,-1.1385,0,0
7.4265,1.8836e+06,0.38961,7.227e+05,7.9572e+18,327.66,0.89952,-1.1262,0,0
7.4166,1.8815e+06,0.3935,7.2134e+05,7.9395e+18,327.48,0.89782,-1.1138,0,0
7.4047,1.879e+06,0.3977,7.1973e+05,7.9185e+18,327.27,0.89582,-1.1015,0,0
7.3909,1.876e+06,0.40221,7.1786e+05,7.8943e+18,327.03,0.8935,-1.0892,0,0
7.377,1.8729e+06,0.40671,7.16e+05,7.8701e+18,326.79,0.89118,-1.0769,0,0
7.3632,1.8699e+06,0.41122,7.1414e+05,7.8459e+18,326.56,0.88886,-1.0646,0,0
7.3498,1.8669e+06,0.41548,7.1234e+05,7.8226e+18,326.33,0.88662,-1.0523,0,0
7.3366,1.864e+06,0.41967,7.1056e+05,7.7994e+18,326.1,0.8844,-1.04,0,0
7.3233,1.8611e+06,0.42385,7.0878e+05,7.7763e+18,325.87,0.88219,-1.0277,0,0
7.3101,1.8582e+06,0.42803,7.07e+05,7.7532e+18,325.64,0.87998,-1.0154,0,0
7.2988,1.8558e+06,0.432,7.0547e+05,7.7333e+18,325.44,0.87807,-1.0031,0,0
7.2876,1.8535e+06,0.43597,7.0393e+05,7.7134e+18,325.23,0.87616,-0.99077,0,0
7.2763,1.8512e+06,0.43993,7.024e+05,7.6935e+18,325.02,0.87425,-0.97846,0,0
7.2641,1.8486e+06,0.44407,7.0074e+05,7.672e+18,324.8,0.87219,-0.96615,0,0
7.2491,1.8453e+06,0.44871,6.9873e+05,7.6458e+18,324.54,0.86968,-0.95385,0,0
7.234,1.842e+06,0.45335,6.9671e+05,7.6196e+18,324.27,0.86717,-0.94154,0,0
7.219,1.8387e+06,0.45799,6.9469e+05,7.5934e+18,324.01,0.86465,-0.92923,0,0
7.2037,1.8354e+06,0.46285,6.9263e+05,7.5666e+18,323.73,0.86209,-0.91692,0,0
7.1882,1.8322e+06,0.46793,6.9052e+05,7.5392e+18,323.44,0.85946,-0.90462,0,0
7.1728,1.8289e+06,0.473,6.8841e+05,7.5118e+18,323.15,0.85684,-0.89231,0,0
7.1573,1.8256e+06,0.47808,6.863e+05,7.4845e+18,322.86,0.85422,-0.88,0,0
7.1405,1.8219e+06,0.48308,6.8406e+05,7.4553e+18,322.56,0.85142,-0.86769,0,0
7.1233,1.8181e+06,0.48806,6.8177e+05,7.4256e+18,322.25,0.84857,-0.85538,0,0
7.1062,1.8143e+06,0.49304,6.7948e+05,7.3959e+18,321.95,0.84572,-0.84308,0,0
7.089,1.8106e+06,0.49802,6.7719e+05,7.3661e+18,321.64,0.84287,-0.83077,0,0
7.0716,1.8068e+06,0.50311,6.7487e+05,7.336e+18,321.33,0.83999,-0.81846,0,0
7.0542,1.803e+06,0.5082,6.7256e+05,7.306e+18,321.01,0.83711,-0.80615,0,0
7.0367,1.7992e+06,0.51328,6.7024e+05,7.2759e+18,320.7,0.83423,-0.79385,0,0
7.0187,1.7953e+06,0.51851,6.6785e+05,7.2448e+18,320.38,0.83124,-0.78154,0,0
6.9989,1.791e+06,0.52415,6.6521e+05,7.2106e+18,320.01,0.82797,-0.76923,0,0
6.9791,1.7867e+06,0.5298,6.6258e+05,7.1764e+18,319.65,0.82469,-0.75692,0,0
6.9593,1.7823e+06,0.53544,6.5995e+05,7.1422e+18,319.29,0.82141,-0.74462,0,0
6.9386,1.7778e+06,0.54128,6.572e+05,7.1065e+18,318.91,0.818,-0.73231,0,0
6.917,1.7731e+06,0.54731,6.5434e+05,7.0694e+18,318.51,0.81443,-0.72,0,0
6.8953,1.7683e+06,0.55334,6.5148e+05,7.0322e+18,318.11,0.81087,-0.70769,0,0
6.8737,1.7636e+06,0.55937,6.4862e+05,6.995e+18,317.72,0.80731,-0.69538,0,0
6.8504,1.7585e+06,0.56576,6.4554e+05,6.9551e+18,317.28,0.80348,-0.68308,0,0
6.8265,1.7533e+06,0.57226,6.4239e+05,6.9142e+18,316.84,0.79956,-0.67077,0,0
6.8026,1.748e+06,0.57876,6.3925e+05,6.8733e+18,316.4,0.79565,-0.65846,0,0
6.7787,1.7428e+06,0.58526,6.361e+05,6.8324e+18,315.95,0.79173,-0.64615,0,0
6.752,1.7369e+06,0.59235,6.326e+05,6.7871e+18,315.45,0.78738,-0.63385,0,0
6.7253,1.731e+06,0.59945,6.2911e+05,6.7417e+18,314.95,0.78303,-0.62154,0,0
6.6986,1.7251e+06,0.60655,6.2561e+05,6.6963e+18,314.45,0.77868,-0.60923,0,0
6.6711,1.7191e+06,0.61381,6.2202e+05,6.6496e+18,313.94,0.7742,-0.59692,0,0
6.6411,1.7124e+06,0.62158,6.1811e+05,6.5988e+18,313.37,0.76934,-0.58462,0,0
6.611,1.7058e+06,0.62934,6.142e+05,6.5481e+18,312.81,0.76447,-0.57231,0,0
6.581,1.6991e+06,0.63711,6.1029e+05,6.4973e+18,312.24,0.75961,-0.56,0,0
6.5489,1.692e+06,0.64533,6.0614e+05,6.4434e+18,311.63,0.75444,-0.54769,0,0
6.5149,1.6845e+06,0.65399,6.0174e+05,6.3862e+18,310.98,0.74897,-0.53538,0,0
6.4808,1.6769e+06,0.66265,5.9734e+05,6.3291e+18,310.33,0.74349,-0.52308,0,0
6.4468,1.6694e+06,0.67131,5.9294e+05,6.272e+18,309.68,0.73801,-0.51077,0,0
6.4092,1.661e+06,0.68065,5.8813e+05,6.2095e+18,308.96,0.73202,-0.49846,0,0
6.3705,1.6524e+06,0.69022,5.8318e+05,6.1452e+18,308.21,0.72586,-0.48615,0,0
6.3318,1.6438e+06,0.69979,5.7823e+05,6.0809e+18,307.46,0.7197,-0.47385,0,0
6.2931,1.6351e+06,0.70935,5.7328e+05,6.0166e+18,306.72,0.71353,-0.46154,0,0
6.2482,1.6251e+06,0.72042,5.6756e+05,5.9424e+18,305.83,0.70643,-0.44923,0,0
6.2032,1.615e+06,0.73149,5.6185e+05,5.8682e+18,304.94,0.69932,-0.43692,0,0
6.1582,1.605e+06,0.74256,5.5614e+05,5.7941e+18,304.06,0.69221,-0.42462,0,0
6.1115,1.5945e+06,0.75396,5.5024e+05,5.7174e+18,303.13,0.68486,-0.41231,0,0
6.0597,1.5828e+06,0.76633,5.4375e+05,5.6331e+18,302.1,0.67678,-0.4,0,0
6.0079,1.5711e+06,0.7787,5.3726e+05,5.5488e+18,301.07,0.66871,-0.38769,0,0
5.956,1.5594e+06,0.79107,5.3077e+05,5.4646e+18,300.03,0.66063,-0.37538,0,0
5.9009,1.5469e+06,0.8042,5.2392e+05,5.3756e+18,298.92,0.6521,-0.36308,0,0
5.8425,1.5337e+06,0.8181,5.167e+05,5.2818e+18,297.73,0.64312,-0.35077,0,0
5.7841,1.5204e+06,0.83199,5.0949e+05,5.1881e+18,296.54,0.63414,-0.33846,0,0
5.7258,1.5072e+06,0.84589,5.0227e+05,5.0944e+18,295.35,0.62516,-0.32615,0,0
5.6607,1.4923e+06,0.86119,4.9434e+05,4.9914e+18,294,0.61529,-0.31385,0,0
5.5935,1.4769e+06,0.87697,4.8617e+05,4.8854e+18,292.59,0.60512,-0.30154,0,0
5.5263,1.4615e+06,0.89275,4.7801e+05,4.7793e+18,291.19,0.59496,-0.28923,0,0
5.459,1.4461e+06,0.90853,4.6984e+05,4.6732e+18,289.79,0.58479,-0.27692,0,0
5.3899,1.4301e+06,0.9249,4.6159e+05,4.5661e+18,288.29,0.57452,-0.26462,0,0
5.3209,1.4142e+06,0.94126,4.5334e+05,4.4589e+18,286.8,0.56425,-0.25231,0,0
5.2518,1.3982e+06,0.95763,4.4509e+05,4.3518e+18,285.31,0.55398,-0.24,0,0
5.1806,1.3817e+06,0.97448,4.3664e+05,4.2421e+18,283.76,0.54347,-0.22769,0,0
5.1032,1.3636e+06,0.99278,4.2761e+05,4.1248e+18,282.04,0.53223,-0.21538,0,0
5.0258,1.3455e+06,1.0111,4.1857e+05,4.0075e+18,280.33,0.52098,-0.20308,0,0
4.9485,1.3274e+06,1.0294,4.0954e+05,3.8901e+18,278.61,0.50974,-0.19077,0,0
4.8684,1.3086e+06,1.0485,4.0031e+05,3.7703e+18,276.8,0.49825,-0.17846,0,0
4.7858,1.289e+06,1.0685,3.9089e+05,3.6479e+18,274.89,0.48652,-0.16615,0,0
4.7032,1.2695e+06,1.0886,3.8146e+05,3.5255e+18,272.98,0.47479,-0.15385,0,0
4.6205,1.25e+06,1.1086,3.7204e+05,3.4031e+18,271.08,0.46306,-0.14154,0,0
4.5333,1.2291e+06,1.13,3.6231e+05,3.2768e+18,269.01,0.45096,-0.12923,0,0
4.4445,1.2078e+06,1.1519,3.5248e+05,3.1492e+18,266.88,0.43872,-0.11692,0,0
4.3557,1.1865e+06,1.1738,3.4266e+05,3.0215e+18,264.76,0.42649,-0.10462,0,0
4.2669,1.1651e+06,1.1957,3.3283e+05,2.8939e+18,262.64,0.41426,-0.092308,0,0
4.1734,1.1425e+06,1.2203,3.2275e+05,2.7629e+18,260.24,0.40171,-0.08,0,0
4.0799,1.1198e+06,1.245,3.1266e+05,2.632e+18,257.84,0.38916,-0.067692,0,0
3.9864,1.0972e+06,1.2697,3.0258e+05,2.501e+18,255.44,0.37661,-0.055385,0,0
3.8981,1.0757e+06,1.2929,2.9314e+05,2.3784e+18,253.17,0.36486,-0.043077,0,0
3.8255,1.0577e+06,1.312,2.8563e+05,2.2809e+18,251.28,0.35551,-0.030769,0,0
3.753,1.0396e+06,1.3312,2.7812e+05,2.1833e+18,249.39,0.34616,-0.018462,0,0
3.6804,1.0216e+06,1.3503,2.7061e+05,2.0858e+18,247.5,0.33682,-0.0061538,0,0
3.6073,1.0033e+06,1.3703,2.6314e+05,1.9888e+18,245.54,0.32752,0.0061539,0,0
3.5336,9.8496e+05,1.3912,2.5571e+05,1.8923e+18,243.5,0.31827,0.018462,0,0
3.46,9.6656e+05,1.4122,2.4828e+05,1.7958e+18,241.47,0.30902,0.030769,0,0
3.3863,9.4817e+05,1.4331,2.4084e+05,1.6993e+18,239.43,0.29977,0.043077,0,0
3.3035,9.2728e+05,1.458,2.3271e+05,1.5936e+18,237.03,0.28964,0.055385,0,0
3.2178,9.0557e+05,1.4842,2.2434e+05,1.485e+18,234.51,0.27923,0.067692,0,0
3.132,8.8386e+05,1.5103,2.1598e+05,1.3764e+18,232,0.26882,0.08,0,0
3.0463,8.6215e+05,1.5365,2.0762e+05,1.2678e+18,229.48,0.25842,0.092308,0,0
2.963,8.4065e+05,1.5637,1.9985e+05,1.1668e+18,226.89,0.24874,0.10462,0,0
2.8797,8.1914e+05,1.5908,1.9207e+05,1.0658e+18,224.31,0.23906,0.11692,0,0
2.7964,7.9763e+05,1.618,1.8429e+05,9.6483e+17,221.73,0.22938,0.12923,0,0
2.7183,7.7742e+05,1.6441,1.7705e+05,8.7082e+17,219.26,0.22037,0.14154,0,0
2.6545,7.6077e+05,1.6673,1.7129e+05,7.9597e+17,217.11,0.2132,0.15385,0,0
2.5906,7.4412e+05,1.6906,1.6553e+05,7.2111e+17,214.96,0.20602,0.16615,0,0
2.5268,7.2747e+05,1.7138,1.5976e+05,6.4626e+17,212.8,0.19885,0.17846,0,0
2.4662,7.1154e+05,1.7364,1.5441e+05,5.7674e+17,210.73,0.19219,0.19077,0,0
2.4086,6.9628e+05,1.7585,1.4943e+05,5.1206e+17,208.73,0.18599,0.20308,0,0
2.351,6.8102e+05,1.7806,1.4445e+05,4.4739e+17,206.73,0.17979,0.21538,0,0
2.2934,6.6576e+05,1.8027,1.3947e+05,3.8272e+17,204.72,0.17359,0.22769,0,0
2.2493,6.5403e+05,1.8205,1.3575e+05,3.3437e+17,203.14,0.16896,0.24,0,0
2.2091,6.4331e+05,1.8372,1.3238e+05,2.9066e+17,201.68,0.16477,0.25231,0,0
2.1689,6.3259e+05,1.8539,1.2901e+05,2.4694e+17,200.21,0.16058,0.26462,0,0
2.1285,6.2184e+05,1.8706,1.2564e+05,2.0313e+17,198.74,0.15638,0.27692,0,0
2.0851,6.1021e+05,1.8908,1.2206e+05,1.5668e+17,197.01,0.15193,0.28923,0,0
2.0417,5.9858e+05,1.9111,1.1849e+05,1.1022e+17,195.27,0.14748,0.30154,0,0
1.9983,5.8695e+05,1.9313,1.1491e+05,6.377e+16,193.54,0.14302,0.31385,0,0
1.9569,5.7581e+05,1.9508,1.1153e+05,1.987e+16,191.87,0.13882,0.32615,0,0
1.9205,5.6587e+05,1.9685,1.0863e+05,-1.7786e+16,190.36,0.13521,0.33846,0,0
1.8841,5.5593e+05,1.9863,1.0573e+05,-5.5442e+16,188.85,0.1316,0.35077,0,0
1.8478,5.4599e+05,2.004,1.0283e+05,-9.3098e+16,187.34,0.12799,0.36308,0,0
1.8219,5.389e+05,2.0166,1.008e+05,-1.1946e+17,186.28,0.12546,0.37538,0,0
1.8048,5.3418e+05,2.0248,99495,-1.3643e+17,185.59,0.12384,0.38769,0,0
1.7877,5.2946e+05,2.033,98188,-1.534e+17,184.91,0.12221,0.4,0,0
1.7706,5.2474e+05,2.0412,96882,-1.7037e+17,184.22,0.12059,0.41231,0,0
1.773,5.2532e+05,2.0394,97079,-1.678e+17,184.36,0.12083,0.42462,0,0
1.7801,5.2722e+05,2.0352,97648,-1.6041e+17,184.7,0.12154,0.43692,0,0
1.7872,5.2913e+05,2.031,98218,-1.5302e+17,185.04,0.12225,0.44923,0,0
1.7961,5.3151e+05,2.0259,98928,-1.4379e+17,185.45,0.12313,0.46154,0,0
1.8341,5.4176e+05,2.0063,1.0195e+05,-1.0449e+17,187.07,0.1269,0.47385,0,0
1.8722,5.5201e+05,1.9866,1.0498e+05,-6.5185e+16,188.68,0.13067,0.48615,0,0
1.9103,5.6226e+05,1.967,1.0801e+05,-2.5884e+16,190.3,0.13443,0.49846,0,0
1.9486,5.7258e+05,1.9478,1.1108e+05,1.4069e+16,191.91,0.13826,0.51077,0,0
1.9875,5.8305e+05,1.9295,1.1427e+05,5.5446e+16,193.49,0.14223,0.52308,0,0
2.0263,5.9352e+05,1.9112,1.1746e+05,9.6824e+16,195.07,0.14619,0.53538,0,0
2.0652,6.04e+05,1.8929,1.2064e+05,1.382e+17,196.64,0.15016,0.54769,0,0
2.1003,6.1344e+05,1.8772,1.2354e+05,1.7583e+17,198.02,0.15376,0.56,0,0
2.1324,6.221e+05,1.8635,1.2622e+05,2.1061e+17,199.23,0.1571,0.57231,0,0
2.1646,6.3076e+05,1.8499,1.289e+05,2.454e+17,200.45,0.16043,0.58462,0,0
2.1967,6.3942e+05,1.8362,1.3157e+05,2.8019e+17,201.66,0.16377,0.59692,0,0
2.1987,6.4e+05,1.8352,1.3176e+05,2.8254e+17,201.76,0.16399,0.60923,0,0
2.1943,6.3886e+05,1.8368,1.3141e+05,2.78e+17,201.63,0.16356,0.62154,0,0
2.19,6.3773e+05,1.8385,1.3106e+05,2.7346e+17,201.5,0.16312,0.63385,0,0
2.1836,6.3607e+05,1.841,1.3054e+05,2.6682e+17,201.29,0.16248,0.64615,0,0
2.1549,6.2837e+05,1.853,1.2818e+05,2.361e+17,200.24,0.15954,0.65846,0,0
2.1261,6.2068e+05,1.8651,1.2581e+05,2.0539e+17,199.2,0.1566,0.67077,0,0
2.0974,6.1298e+05,1.8771,1.2345e+05,1.7467e+17,198.15,0.15365,0.68308,0,0
2.0628,6.0367e+05,1.892,1.2063e+05,1.3812e+17,196.86,0.15015,0.69538,0,0
2.0167,5.9118e+05,1.9125,1.1693e+05,9.0039e+16,195.1,0.14554,0.70769,0,0
1.9705,5.7869e+05,1.933,1.1323e+05,4.1961e+16,193.34,0.14093,0.72,0,0
1.9244,5.662e+05,1.9536,1.0953e+05,-6.117e+15,191.58,0.13633,0.73231,0,0
1.8755,5.5287e+05,1.9763,1.0571e+05,-5.5734e+16,189.67,0.13157,0.74462,0,0
1.8248,5.3897e+05,2.0006,1.0181e+05,-1.0641e+17,187.65,0.12671,0.75692,0,0
1.7741,5.2508e+05,2.0249,97904,-1.5709e+17,185.64,0.12186,0.76923,0,0
1.7233,5.1118e+05,2.0491,94002,-2.0776e+17,183.63,0.117,0.78154,0,0
1.6774,4.9849e+05,2.073,90586,-2.5213e+17,181.7,0.11275,0.79385,0,0
1.6324,4.8602e+05,2.0969,87257,-2.9536e+17,179.79,0.10861,0.80615,0,0
1.5874,4.7355e+05,2.1208,83929,-3.3859e+17,177.88,0.10446,0.81846,0,0
1.5427,4.6116e+05,2.1447,80640,-3.8131e+17,175.98,0.10037,0.83077,0,0
1.5012,4.4955e+05,2.169,77694,-4.1956e+17,174.1,0.096702,0.84308,0,0
1.4597,4.3793e+05,2.1933,74748,-4.5782e+17,172.23,0.093036,0.85538,0,0
1.4182,4.2632e+05,2.2177,71802,-4.9608e+17,170.35,0.089369,0.86769,0,0
1.3784,4.1514e+05,2.2419,69011,-5.3232e+17,168.51,0.085896,0.88,0,0
1.3416,4.0473e+05,2.266,66497,-5.6497e+17,166.73,0.082767,0.89231,0,0
1.3048,3.9432e+05,2.2901,63984,-5.9762e+17,164.95,0.079638,0.90462,0,0
1.2679,3.839e+05,2.3142,61470,-6.3026e+17,163.17,0.076509,0.91692,0,0
1.2339,3.7423e+05,2.338,59198,-6.5976e+17,161.45,0.073682,0.92923,0,0
1.2016,3.6503e+05,2.3615,57079,-6.8729e+17,159.78,0.071044,0.94154,0,0
1.1694,3.5582e+05,2.3851,54959,-7.1482e+17,158.11,0.068406,0.95385,0,0
1.1371,3.4661e+05,2.4086,52840,-7.4234e+17,156.44,0.065768,0.96615,0,0
1.1086,3.3843e+05,2.4313,51029,-7.6586e+17,154.88,0.063513,0.97846,0,0
1.0807,3.304e+05,2.454,49263,-7.8879e+17,153.34,0.061316,0.99077,0,0
1.0528,3.2237e+05,2.4766,47498,-8.1172e+17,151.8,0.059119,1.0031,0,0
1.0254,3.1448e+05,2.4991,45771,-8.3414e+17,150.28,0.056969,1.0154,0,0
1.0015,3.0754e+05,2.5205,44310,-8.5311e+17,148.88,0.055152,1.0277,0,0
0.97752,3.006e+05,2.5419,42850,-8.7208e+17,147.48,0.053334,1.04,0,0
0.95358,2.9366e+05,2.5634,41389,-8.9105e+17,146.07,0.051516,1.0523,0,0
0.93094,2.8708e+05,2.5843,40024,-9.0877e+17,144.72,0.049817,1.0646,0,0
0.9104,2.8109e+05,2.6046,38814,-9.245e+17,143.45,0.04831,1.0769,0,0
0.88986,2.7509e+05,2.6248,37603,-9.4022e+17,142.18,0.046803,1.0892,0,0
0.86932,2.691e+05,2.645,36392,-9.5595e+17,140.91,0.045296,1.1015,0,0
0.85053,2.6359e+05,2.6645,35305,-9.7006e+17,139.72,0.043943,1.1138,0,0
0.83272,2.5837e+05,2.6837,34289,-9.8326e+17,138.56,0.042678,1.1262,0,0
0.81491,2.5314e+05,2.7028,33273,-9.9646e+17,137.4,0.041413,1.1385,0,0
0.7971,2.4791e+05,2.722,32256,-1.0097e+18,136.24,0.040148,1.1508,0,0
0.78129,2.4324e+05,2.7402,31378,-1.0211e+18,135.17,0.039056,1.1631,0,0
0.76573,2.3864e+05,2.7584,30517,-1.0322e+18,134.11,0.037984,1.1754,0,0
0.75016,2.3405e+05,2.7766,29656,-1.0434e+18,133.05,0.036912,1.1877,0,0
0.73485,2.2952e+05,2.7946,28813,-1.0544e+18,132.01,0.035862,1.2,0,0
0.72105,2.2543e+05,2.8121,28071,-1.064e+18,131.02,0.034939,1.2123,0,0
0.70724,2.2133e+05,2.8295,27329,-1.0737e+18,130.04,0.034015,1.2246,0,0
0.69344,2.1723e+05,2.847,26587,-1.0833e+18,129.06,0.033092,1.2369,0,0
0.68017,2.1328e+05,2.8642,25882,-1.0924e+18,128.1,0.032215,1.2492,0,0
0.6677,2.0956e+05,2.881,25232,-1.1009e+18,127.18,0.031405,1.2615,0,0
0.65522,2.0583e+05,2.8979,24582,-1.1093e+18,126.26,0.030596,1.2738,0,0
0.64274,2.021e+05,2.9147,23932,-1.1178e+18,125.35,0.029787,1.2862,0,0
0.63124,1.9866e+05,2.9313,23339,-1.1255e+18,124.46,0.02905,1.2985,0,0
0.62022,1.9536e+05,2.9477,22777,-1.1328e+18,123.59,0.028349,1.3108,0,0
0.60921,1.9206e+05,2.9641,22214,-1.1401e+18,122.73,0.027649,1.3231,0,0
0.5982,1.8876e+05,2.9806,21651,-1.1474e+18,121.86,0.026949,1.3354,0,0
0.58738,1.8549e+05,2.997,21118,-1.1543e+18,121.02,0.026285,1.3477,0,0
0.57658,1.8222e+05,3.0134,20588,-1.1612e+18,120.17,0.025626,1.36,0,0
0.56578,1.7896e+05,3.0298,20058,-1.1681e+18,119.33,0.024966,1.3723,0,0
0.55547,1.7584e+05,3.046,19551,-1.1747e+18,118.5,0.024334,1.3846,0,0
0.54756,1.7343e+05,3.061,19153,-1.1798e+18,117.74,0.023839,1.3969,0,0
0.53966,1.7103e+05,3.076,18755,-1.185e+18,116.98,0.023343,1.4092,0,0
0.53175,1.6863e+05,3.0911,18357,-1.1902e+18,116.21,0.022848,1.4215,0,0
0.52237,1.6579e+05,3.1063,17919,-1.1959e+18,115.48,0.022303,1.4338,0,0
0.51105,1.6237e+05,3.1219,17429,-1.2022e+18,114.78,0.021693,1.4462,0,0
0.49973,1.5896e+05,3.1374,16938,-1.2086e+18,114.07,0.021083,1.4585,0,0
0.48841,1.5554e+05,3.1529,16448,-1.215e+18,113.37,0.020472,1.4708,0,0
0.463,1.4708e+05,3.209,15250,-1.2305e+18,110.3,0.018982,1.4831,0,0
0.4311,1.3629e+05,3.2839,13727,-1.2503e+18,106.14,0.017085,1.4954,0,0
0.3992,1.2551e+05,3.3587,12203,-1.2701e+18,101.98,0.015188,1.5077,0,0
0.3673,1.1472e+05,3.4336,10679,-1.2899e+18,97.811,0.013291,1.52,0,0
0.75696,2.1462e+05,2.7002,56232,-6.9828e+17,157.56,0.069991,1.5323,0,0
1.1735,3.2157e+05,1.9153,1.0479e+05,-6.7719e+16,221.37,0.13042,1.5446,0,0
1.59,4.2852e+05,1.1304,1.5334e+05,5.6284e+17,285.19,0.19086,1.5569,0,0
1.9077,5.092e+05,0.49707,1.9048e+05,1.0452e+18,336.12,0.23708,1.5692,0,0
1.8196,4.82e+05,0.48596,1.8074e+05,9.1874e+17,334.16,0.22496,1.5815,0,0
1.7315,4.5481e+05,0.47484,1.7101e+05,7.9233e+17,332.2,0.21285,1.5938,0,0
1.6434,4.2762e+05,0.46373,1.6128e+05,6.6592e+17,330.23,0.20073,1.6062,0,0
1.5834,4.0892e+05,0.46216,1.5434e+05,5.7591e+17,328.15,0.19211,1.6185,0,0
1.5575,4.0054e+05,0.47217,1.5082e+05,5.301e+17,325.9,0.18772,1.6308,0,0
1.5317,3.9215e+05,0.48219,1.4729e+05,4.8428e+17,323.66,0.18333,1.6431,0,0
1.5058,3.8377e+05,0.4922,1.4376e+05,4.3847e+17,321.42,0.17894,1.6554,0,0
1.4948,3.8101e+05,0.48329,1.4303e+05,4.2898e+17,322.18,0.17803,1.6677,0,0
1.4901,3.8058e+05,0.46654,1.4346e+05,4.3451e+17,324.18,0.17856,1.68,0,0
1.4854,3.8015e+05,0.4498,1.4388e+05,4.4004e+17,326.17,0.17909,1.6923,0,0
1.4806,3.7972e+05,0.43305,1.4431e+05,4.4557e+17,328.17,0.17962,1.7046,0,0
1.4884,3.8132e+05,0.42087,1.4531e+05,4.5859e+17,328.72,0.18086,1.7169,0,0
1.4966,3.8299e+05,0.40885,1.4634e+05,4.719e+17,329.21,0.18214,1.7292,0,0
1.5049,3.8467e+05,0.39684,1.4736e+05,4.8522e+17,329.7,0.18342,1.7415,0,0
1.5121,3.8616e+05,0.38566,1.4829e+05,4.9721e+17,330.18,0.18457,1.7538,0,0
1.5158,3.8698e+05,0.37749,1.4885e+05,5.045e+17,330.62,0.18526,1.7662,0,0
1.5195,3.878e+05,0.36931,1.4941e+05,5.118e+17,331.06,0.18596,1.7785,0,0
1.5232,3.8862e+05,0.36113,1.4997e+05,5.1909e+17,331.5,0.18666,1.7908,0,0
1.5261,3.8927e+05,0.35428,1.5042e+05,5.2492e+17,331.86,0.18722,1.8031,0,0
1.5282,3.8971e+05,0.3489,1.5074e+05,5.2913e+17,332.12,0.18762,1.8154,0,0
1.5303,3.9016e+05,0.34352,1.5107e+05,5.3335e+17,332.38,0.18803,1.8277,0,0
1.5324,3.906e+05,0.33814,1.5139e+05,5.3756e+17,332.64,0.18843,1.84,0,0
1.5341,3.9097e+05,0.33386,1.5166e+05,5.4098e+17,332.84,0.18876,1.8523,0,0
1.5357,3.9132e+05,0.32999,1.519e+05,5.441e+17,333.02,0.18906,1.8646,0,0
1.5373,3.9167e+05,0.32612,1.5214e+05,5.4721e+17,333.2,0.18936,1.8769,0,0
1.5389,3.9202e+05,0.32225,1.5238e+05,5.5033e+17,333.38,0.18966,1.8892,0,0
1.54,3.9222e+05,0.31925,1.5253e+05,5.5238e+17,333.5,0.18985,1.9015,0,0
1.541,3.9242e+05,0.31626,1.5269e+05,5.544e+17,333.62,0.19005,1.9138,0,0
1.542,3.9261e+05,0.31327,1.5285e+05,5.5643e+17,333.74,0.19024,1.9262,0,0
1.543,3.9282e+05,0.31037,1.53e+05,5.5845e+17,333.87,0.19043,1.9385,0,0
1.5439,3.9304e+05,0.30775,1.5315e+05,5.6045e+17,334,0.19063,1.9508,0,0
1.5449,3.9326e+05,0.30513,1.5331e+05,5.6245e+17,334.13,0.19082,1.9631,0,0
1.5458,3.9349e+05,0.3025,1.5346e+05,5.6445e+17,334.27,0.19101,1.9754,0,0
1.5467,3.9368e+05,0.3,1.536e+05,5.6626e+17,334.39,0.19118,1.9877,0,0
1.5474,3.9385e+05,0.29762,1.5373e+05,5.6788e+17,334.49,0.19134,2,0,0
1.5482,3.9402e+05,0.29523,1.5385e+05,5.6951e+17,334.6,0.19149,2.0123,0,0
1.5489,3.9419e+05,0.29285,1.5398e+05,5.7114e+17,334.71,0.19165,2.0246,0,0
1.5497,3.9435e+05,0.29041,1.541e+05,5.7273e+17,334.82,0.1918,2.0369,0,0
1.5504,3.9451e+05,0.28795,1.5422e+05,5.7432e+17,334.93,0.19196,2.0492,0,0
1.5511,3.9467e+05,0.28549,1.5435e+05,5.7591e+17,335.03,0.19211,2.0615,0,0
1.5519,3.9483e+05,0.28302,1.5447e+05,5.775e+17,335.14,0.19226,2.0738,0,0
1.5526,3.9501e+05,0.28046,1.546e+05,5.792e+17,335.26,0.19242,2.0862,0,0
1.5534,3.9519e+05,0.2779,1.5473e+05,5.809e+17,335.38,0.19259,2.0985,0,0
1.5541,3.9537e+05,0.27534,1.5486e+05,5.826e+17,335.51,0.19275,2.1108,0,0
1.5549,3.9555e+05,0.27275,1.5499e+05,5.8431e+17,335.63,0.19291,2.1231,0,0
1.5556,3.9573e+05,0.27005,1.5512e+05,5.8602e+17,335.75,0.19308,2.1354,0,0
1.5564,3.9591e+05,0.26735,1.5526e+05,5.8773e+17,335.87,0.19324,2.1477,0,0
1.5572,3.9609e+05,0.26466,1.5539e+05,5.8944e+17,335.99,0.1934,2.16,0,0
1.5579,3.9626e+05,0.26194,1.5552e+05,5.9111e+17,336.11,0.19356,2.1723,0,0
1.5586,3.9642e+05,0.25921,1.5564e+05,5.9274e+17,336.23,0.19372,2.1846,0,0
1.5593,3.9659e+05,0.25647,1.5577e+05,5.9436e+17,336.35,0.19388,2.1969,0,0
1.56,3.9675e+05,0.25374,1.5589e+05,5.9599e+17,336.47,0.19403,2.2092,0,0
1.5606,3.969e+05,0.25097,1.5601e+05,5.975e+17,336.59,0.19418,2.2215,0,0
1.5612,3.9704e+05,0.24819,1.5612e+05,5.9899e+17,336.71,0.19432,2.2338,0,0
1.5618,3.9718e+05,0.24542,1.5624e+05,6.0047e+17,336.82,0.19446,2.2462,0,0
1.5624,3.9732e+05,0.24263,1.5635e+05,6.0196e+17,336.94,0.1946,2.2585,0,0
1.5631,3.9751e+05,0.23976,1.5649e+05,6.037e+17,337.08,0.19477,2.2708,0,0
1.5638,3.977e+05,0.23688,1.5662e+05,6.0545e+17,337.22,0.19494,2.2831,0,0
1.5645,3.979e+05,0.234,1.5675e+05,6.072e+17,337.35,0.19511,2.2954,0,0
1.5652,3.9809e+05,0.23114,1.5689e+05,6.0894e+17,337.49,0.19527,2.3077,0,0
1.5659,3.9829e+05,0.22829,1.5702e+05,6.1068e+17,337.63,0.19544,2.32,0,0
1.5666,3.9848e+05,0.22545,1.5716e+05,6.1241e+17,337.77,0.19561,2.3323,0,0
1.5673,3.9868e+05,0.22261,1.5729e+05,6.1415e+17,337.91,0.19577,2.3446,0,0
1.5679,3.9886e+05,0.21998,1.5741e+05,6.1573e+17,338.04,0.19592,2.3569,0,0
1.5684,3.9903e+05,0.21754,1.5752e+05,6.1718e+17,338.17,0.19606,2.3692,0,0
1.5689,3.9919e+05,0.2151,1.5763e+05,6.1863e+17,338.29,0.1962,2.3815,0,0
1.5695,3.9936e+05,0.21266,1.5775e+05,6.2008e+17,338.42,0.19634,2.3938,0,0
1.5703,3.9966e+05,0.21049,1.5791e+05,6.2216e+17,338.58,0.19654,2.4062,0,0
1.5712,4e+05,0.20839,1.5808e+05,6.2439e+17,338.75,0.19675,2.4185,0,0
1.5721,4.0034e+05,0.20629,1.5825e+05,6.2662e+17,338.92,0.19697,2.4308,0,0
1.573,4.0067e+05,0.20431,1.5842e+05,6.2879e+17,339.09,0.19718,2.4431,0,0
1.5735,4.0091e+05,0.20447,1.5851e+05,6.3e+17,339.17,0.19729,2.4554,0,0
1.5741,4.0115e+05,0.20463,1.586e+05,6.312e+17,339.26,0.19741,2.4677,0,0
1.5746,4.014e+05,0.20479,1.5869e+05,6.324e+17,339.34,0.19752,2.48,0,0
1.5747,4.0151e+05,0.2053,1.5873e+05,6.3285e+17,339.39,0.19756,2.4923,0,0
1.5739,4.0133e+05,0.20656,1.5864e+05,6.3163e+17,339.37,0.19745,2.5046,0,0
1.5731,4.0115e+05,0.20782,1.5854e+05,6.3041e+17,339.35,0.19733,2.5169,0,0
1.5722,4.0097e+05,0.20908,1.5845e+05,6.2919e+17,339.32,0.19721,2.5292,0,0
1.5719,4.0095e+05,0.21253,1.5837e+05,6.2823e+17,339.23,0.19712,2.5415,0,0
1.5721,4.0105e+05,0.21766,1.5831e+05,6.2746e+17,339.07,0.19705,2.5538,0,0
1.5722,4.0115e+05,0.2228,1.5826e+05,6.2669e+17,338.92,0.19697,2.5662,0,0
1.5723,4.0124e+05,0.22793,1.582e+05,6.2592e+17,338.77,0.1969,2.5785,0,0
1.5706,4.0095e+05,0.23824,1.5786e+05,6.2154e+17,338.4,0.19648,2.5908,0,0
1.5686,4.0057e+05,0.24966,1.5746e+05,6.1637e+17,338,0.19599,2.6031,0,0
1.5665,4.0018e+05,0.26109,1.5706e+05,6.112e+17,337.59,0.19549,2.6154,0,0
1.5641,3.9974e+05,0.2731,1.5662e+05,6.0547e+17,337.15,0.19494,2.6277,0,0
1.5585,3.9858e+05,0.29207,1.5568e+05,5.9321e+17,336.32,0.19377,2.64,0,0
1.5529,3.9742e+05,0.31103,1.5473e+05,5.8094e+17,335.49,0.19259,2.6523,0,0
1.5472,3.9626e+05,0.33,1.5379e+05,5.6867e+17,334.66,0.19141,2.6646,0,0
1.5398,3.9469e+05,0.35083,1.526e+05,5.5324e+17,333.67,0.18993,2.6769,0,0
1.5288,3.9233e+05,0.37538,1.5093e+05,5.315e+17,332.37,0.18785,2.6892,0,0
1.5177,3.8997e+05,0.39994,1.4925e+05,5.0975e+17,331.08,0.18577,2.7015,0,0
1.5067,3.8761e+05,0.42449,1.4758e+05,4.8801e+17,329.78,0.18368,2.7138,0,0
1.4938,3.8505e+05,0.44949,1.4575e+05,4.6431e+17,328.49,0.18141,2.7262,0,0
1.4797,3.8236e+05,0.47479,1.4382e+05,4.3924e+17,327.21,0.17901,2.7385,0,0
1.4657,3.7966e+05,0.50009,1.4189e+05,4.1417e+17,325.93,0.17661,2.7508,0,0
1.4516,3.7696e+05,0.5254,1.3996e+05,3.8911e+17,324.64,0.1742,2.7631,0,0
1.438,3.7412e+05,0.54769,1.3804e+05,3.6416e+17,323.18,0.17181,2.7754,0,0
1.4245,3.7124e+05,0.56944,1.3612e+05,3.3923e+17,321.68,0.16942,2.7877,0,0
1.4111,3.6836e+05,0.59119,1.342e+05,3.143e+17,320.19,0.16704,2.8,0,0
1.3978,3.6553e+05,0.61249,1.3231e+05,2.8978e+17,318.71,0.16469,2.8123,0,0
1.3862,3.6306e+05,0.62989,1.307e+05,2.6884e+17,317.44,0.16268,2.8246,0,0
1.3746,3.6059e+05,0.64728,1.2909e+05,2.479e+17,316.17,0.16067,2.8369,0,0
1.3629,3.5811e+05,0.66467,1.2748e+05,2.2695e+17,314.89,0.15866,2.8492,0,0
1.3517,3.5564e+05,0.67987,1.2596e+05,2.0722e+17,313.74,0.15677,2.8615,0,0
1.3411,3.5316e+05,0.69112,1.246e+05,1.8965e+17,312.81,0.15509,2.8738,0,0
1.3305,3.5067e+05,0.70237,1.2325e+05,1.7208e+17,311.87,0.1534,2.8862,0,0
1.32,3.4819e+05,0.71362,1.219e+05,1.5451e+17,310.93,0.15172,2.8985,0,0
1.3113,3.4612e+05,0.71793,1.2099e+05,1.4271e+17,310.66,0.15059,2.9108,0,0
1.3039,3.4432e+05,0.71784,1.2036e+05,1.3456e+17,310.81,0.14981,2.9231,0,0
1.2964,3.4251e+05,0.71776,1.1973e+05,1.2641e+17,310.97,0.14903,2.9354,0,0
1.289,3.4071e+05,0.71768,1.1911e+05,1.1825e+17,311.12,0.14825,2.9477,0,0
1.283,3.3926e+05,0.71836,1.1857e+05,1.1132e+17,311.18,0.14758,2.96,0,0
1.2771,3.3786e+05,0.71915,1.1805e+05,1.0456e+17,311.23,0.14693,2.9723,0,0
1.2713,3.3647e+05,0.71994,1.1753e+05,9.7812e+16,311.29,0.14629,2.9846,0,0
1.2653,3.3505e+05,0.72095,1.1699e+05,9.0801e+16,311.31,0.14562,2.9969,0,0
1.2585,3.334e+05,0.72352,1.1631e+05,8.197e+16,311.18,0.14477,3.0092,0,0
1.2517,3.3175e+05,0.72608,1.1563e+05,7.314e+16,311.04,0.14392,3.0215,0,0
1.2449,3.301e+05,0.72865,1.1495e+05,6.4309e+16,310.9,0.14308,3.0338,0,0
1.2374,3.2828e+05,0.73311,1.1414e+05,5.3743e+16,310.57,0.14206,3.0462,0,0
1.2288,3.2619e+05,0.74067,1.1311e+05,4.0347e+16,309.91,0.14078,3.0585,0,0
1.2202,3.241e+05,0.74823,1.1208e+05,2.6952e+16,309.25,0.1395,3.0708,0,0
1.2116,3.2201e+05,0.75579,1.1104e+05,1.3557e+16,308.59,0.13821,3.0831,0,0
1.2021,3.1974e+05,0.765,1.0989e+05,-1.4129e+15,307.78,0.13678,3.0954,0,0
1.1922,3.1736e+05,0.77516,1.0867e+05,-1.7284e+16,306.89,0.13526,3.1077,0,0
1.1822,3.1499e+05,0.78531,1.0745e+05,-3.3156e+16,306,0.13374,3.12,0,0
1.1722,3.1261e+05,0.79546,1.0622e+05,-4.9027e+16,305.1,0.13221,3.1323,0,0
1.1616,3.101e+05,0.80672,1.0493e+05,-6.5894e+16,304.11,0.1306,3.1446,0,0
1.1509,3.0756e+05,0.81811,1.0362e+05,-8.2881e+16,303.1,0.12897,3.1569,0,0
1.1402,3.0503e+05,0.8295,1.0231e+05,-9.9869e+16,302.09,0.12734,3.1692,0,0
1.1295,3.025e+05,0.84093,1.01e+05,-1.1684e+17,301.07,0.12572,3.1815,0,0
1.1188,2.9997e+05,0.85257,99704,-1.3371e+17,300.03,0.1241,3.1938,0,0
1.1081,2.9743e+05,0.86422,98405,-1.5058e+17,298.98,0.12248,3.2062,0,0
1.0973,2.9489e+05,0.87587,97106,-1.6745e+17,297.94,0.12086,3.2185,0,0
1.0868,2.9241e+05,0.88717,95846,-1.8382e+17,296.92,0.1193,3.2308,0,0
1.0767,2.9e+05,0.89797,94642,-1.9945e+17,295.93,0.1178,3.2431,0,0
1.0666,2.8758e+05,0.90876,93438,-2.1509e+17,294.94,0.1163,3.2554,0,0
1.0564,2.8517e+05,0.91955,92235,-2.3072e+17,293.95,0.1148,3.2677,0,0
1.0472,2.8295e+05,0.9295,91140,-2.4494e+17,293.03,0.11344,3.28,0,0
1.0383,2.8084e+05,0.939,90100,-2.5844e+17,292.15,0.11214,3.2923,0,0
1.0295,2.7872e+05,0.9485,89061,-2.7193e+17,291.26,0.11085,3.3046,0,0
1.0206,2.766e+05,0.958,88022,-2.8543e+17,290.37,0.10956,3.3169,0,0
1.0133,2.7483e+05,0.96575,87173,-2.9646e+17,289.64,0.1085,3.3292,0,0
1.0061,2.7309e+05,0.97333,86341,-3.0726e+17,288.93,0.10747,3.3415,0,0
0.99892,2.7135e+05,0.98091,85510,-3.1806e+17,288.21,0.10643,3.3538,0,0
0.99203,2.6969e+05,0.98817,84713,-3.284e+17,287.52,0.10544,3.3662,0,0
0.98656,2.6835e+05,0.99386,84089,-3.3651e+17,286.97,0.10466,3.3785,0,0
0.98109,2.6702e+05,0.99955,83464,-3.4462e+17,286.43,0.10388,3.3908,0,0
0.97562,2.6569e+05,1.0052,82839,-3.5274e+17,285.88,0.10311,3.4031,0,0
0.97078,2.6451e+05,1.0102,82290,-3.5986e+17,285.41,0.10242,3.4154,0,0
0.96678,2.6352e+05,1.0141,81844,-3.6567e+17,285.03,0.10187,3.4277,0,0
0.96278,2.6253e+05,1.018,81397,-3.7147e+17,284.65,0.10131,3.44,0,0
0.95878,2.6155e+05,1.0219,80950,-3.7727e+17,284.28,0.10076,3.4523,0,0
0.95558,2.6075e+05,1.0249,80598,-3.8185e+17,283.99,0.10032,3.4646,0,0
0.95276,2.6005e+05,1.0274,80289,-3.8585e+17,283.74,0.099933,3.4769,0,0
0.94994,2.5934e+05,1.0299,79981,-3.8985e+17,283.49,0.09955,3.4892,0,0
0.94712,2.5863e+05,1.0325,79673,-3.9386e+17,283.24,0.099166,3.5015,0,0
0.94499,2.5809e+05,1.0342,79445,-3.9682e+17,283.06,0.098882,3.5138,0,0
0.9429,2.5756e+05,1.0359,79223,-3.9971e+17,282.89,0.098605,3.5262,0,0
0.94081,2.5703e+05,1.0376,79000,-4.026e+17,282.73,0.098328,3.5385,0,0
0.93882,2.5652e+05,1.0391,78789,-4.0534e+17,282.57,0.098066,3.5508,0,0
0.93721,2.5611e+05,1.0401,78627,-4.0744e+17,282.47,0.097864,3.5631,0,0
0.9356,2.557e+05,1.0411,78465,-4.0954e+17,282.38,0.097663,3.5754,0,0
0.93399,2.5529e+05,1.0421,78303,-4.1165e+17,282.28,0.097461,3.5877,0,0
0.93295,2.5502e+05,1.0423,78213,-4.1282e+17,282.27,0.097348,3.6,0,0
0.9326,2.5491e+05,1.0415,78209,-4.1287e+17,282.36,0.097344,3.6123,0,0
0.93225,2.5481e+05,1.0407,78206,-4.1291e+17,282.46,0.09734,3.6246,0,0
0.9319,2.5471e+05,1.0399,78203,-4.1295e+17,282.55,0.097336,3.6369,0,0
0.93201,2.547e+05,1.0386,78247,-4.1238e+17,282.68,0.097391,3.6492,0,0
0.93231,2.5474e+05,1.0371,78311,-4.1154e+17,282.82,0.097471,3.6615,0,0
0.93262,2.5478e+05,1.0356,78376,-4.107e+17,282.96,0.097552,3.6738,0,0
0.93292,2.5481e+05,1.0341,78440,-4.0987e+17,283.1,0.097632,3.6862,0,0
0.93401,2.5506e+05,1.0319,78594,-4.0788e+17,283.32,0.097823,3.6985,0,0
0.93514,2.5532e+05,1.0296,78750,-4.0584e+17,283.54,0.098018,3.7108,0,0
0.93627,2.5557e+05,1.0274,78907,-4.038e+17,283.77,0.098213,3.7231,0,0
0.93757,2.5587e+05,1.0248,79089,-4.0145e+17,284.02,0.098439,3.7354,0,0
0.93954,2.563e+05,1.021,79358,-3.9794e+17,284.39,0.098775,3.7477,0,0
0.94151,2.5674e+05,1.0172,79628,-3.9444e+17,284.76,0.09911,3.76,0,0
0.94348,2.5717e+05,1.0133,79898,-3.9094e+17,285.13,0.099446,3.7723,0,0
0.94578,2.5769e+05,1.0093,80202,-3.8699e+17,285.52,0.099825,3.7846,0,0
0.94844,2.583e+05,1.005,80544,-3.8254e+17,285.93,0.10025,3.7969,0,0
0.9511,2.5891e+05,1.0006,80887,-3.7809e+17,286.35,0.10068,3.8092,0,0
0.95376,2.5951e+05,0.9963,81229,-3.7364e+17,286.76,0.1011,3.8215,0,0
0.95672,2.6019e+05,0.99147,81612,-3.6867e+17,287.22,0.10158,3.8338,0,0
0.95979,2.6088e+05,0.98645,82010,-3.635e+17,287.69,0.10208,3.8462,0,0
0.96286,2.6158e+05,0.98142,82408,-3.5833e+17,288.17,0.10257,3.8585,0,0
0.96592,2.6228e+05,0.9764,82806,-3.5316e+17,288.65,0.10307,3.8708,0,0
0.96949,2.6309e+05,0.97081,83264,-3.4722e+17,289.17,0.10364,3.8831,0,0
0.97306,2.639e+05,0.96521,83723,-3.4126e+17,289.69,0.10421,3.8954,0,0
0.97663,2.6472e+05,0.95962,84182,-3.353e+17,290.22,0.10478,3.9077,0,0
0.9803,2.6555e+05,0.95389,84653,-3.2918e+17,290.75,0.10536,3.92,0,0
0.98428,2.6646e+05,0.94778,85165,-3.2254e+17,291.32,0.106,3.9323,0,0
0.98826,2.6736e+05,0.94166,85676,-3.159e+17,291.89,0.10664,3.9446,0,0
0.99224,2.6827e+05,0.93554,86187,-3.0926e+17,292.46,0.10727,3.9569,0,0
0.99636,2.6921e+05,0.92925,86718,-3.0237e+17,293.04,0.10793,3.9692,0,0
1.0006,2.7018e+05,0.92278,87268,-2.9522e+17,293.64,0.10862,3.9815,0,0
1.0049,2.7115e+05,0.91631,87818,-2.8808e+17,294.23,0.1093,3.9938,0,0
1.0092,2.7213e+05,0.90984,88368,-2.8093e+17,294.83,0.10999,4.0062,0,0
1.0135,2.7311e+05,0.90328,88931,-2.7363e+17,295.42,0.11069,4.0185,0,0
1.0179,2.7411e+05,0.89669,89497,-2.6628e+17,296.02,0.11139,4.0308,0,0
1.0223,2.751e+05,0.89011,90063,-2.5892e+17,296.62,0.1121,4.0431,0,0
1.0267,2.761e+05,0.88352,90629,-2.5157e+17,297.22,0.1128,4.0554,0,0
1.031,2.7707e+05,0.87709,91187,-2.4433e+17,297.8,0.1135,4.0677,0,0
1.0353,2.7804e+05,0.87065,91744,-2.3709e+17,298.37,0.11419,4.08,0,0
1.0395,2.7901e+05,0.86421,92302,-2.2985e+17,298.95,0.11488,4.0923,0,0
1.0437,2.7995e+05,0.85789,92849,-2.2275e+17,299.52,0.11557,4.1046,0,0
1.0477,2.8084e+05,0.85192,93365,-2.1604e+17,300.05,0.11621,4.1169,0,0
1.0516,2.8173e+05,0.84594,93881,-2.0933e+17,300.57,0.11685,4.1292,0,0
1.0556,2.8261e+05,0.83996,94398,-2.0262e+17,301.1,0.11749,4.1415,0,0
1.0592,2.8342e+05,0.8344,94875,-1.9642e+17,301.59,0.11809,4.1538,0,0
1.0625,2.8417e+05,0.82922,95317,-1.9069e+17,302.04,0.11864,4.1662,0,0
1.0658,2.8491e+05,0.82405,95758,-1.8496e+17,302.49,0.11919,4.1785,0,0
1.0692,2.8565e+05,0.81888,96200,-1.7923e+17,302.95,0.11974,4.1908,0,0
1.0718,2.8624e+05,0.81452,96559,-1.7456e+17,303.32,0.12018,4.2031,0,0
1.0743,2.8678e+05,0.81039,96894,-1.7021e+17,303.68,0.1206,4.2154,0,0
1.0768,2.8732e+05,0.80626,97229,-1.6586e+17,304.03,0.12102,4.2277,0,0
1.0792,2.8785e+05,0.80218,97560,-1.6155e+17,304.38,0.12143,4.24,0,0
1.0806,2.8814e+05,0.79939,97765,-1.589e+17,304.61,0.12168,4.2523,0,0
1.0821,2.8844e+05,0.7966,97969,-1.5625e+17,304.83,0.12194,4.2646,0,0
1.0835,2.8874e+05,0.79381,98173,-1.536e+17,305.06,0.12219,4.2769,0,0
1.0847,2.8896e+05,0.7915,98335,-1.5149e+17,305.25,0.12239,4.2892,0,0
1.0849,2.8901e+05,0.79038,98392,-1.5075e+17,305.35,0.12246,4.3015,0,0
1.0852,2.8905e+05,0.78927,98449,-1.5001e+17,305.46,0.12254,4.3138,0,0
1.0855,2.891e+05,0.78815,98506,-1.4928e+17,305.56,0.12261,4.3262,0,0
1.0849,2.8894e+05,0.78763,98473,-1.497e+17,305.62,0.12257,4.3385,0,0
1.0836,2.8862e+05,0.78761,98364,-1.5112e+17,305.64,0.12243,4.3508,0,0
1.0823,2.883e+05,0.78759,98255,-1.5253e+17,305.66,0.12229,4.3631,0,0
1.081,2.8798e+05,0.78758,98146,-1.5394e+17,305.69,0.12216,4.3754,0,0
1.0793,2.8757e+05,0.78875,97965,-1.563e+17,305.61,0.12193,4.3877,0,0
1.0775,2.8715e+05,0.79022,97765,-1.589e+17,305.5,0.12168,4.4,0,0
1.0757,2.8672e+05,0.79169,97565,-1.615e+17,305.39,0.12144,4.4123,0,0
1.0738,2.8628e+05,0.79322,97359,-1.6417e+17,305.27,0.12118,4.4246,0,0
1.0711,2.856e+05,0.79559,97044,-1.6827e+17,305.07,0.12079,4.4369,0,0
1.0683,2.8493e+05,0.79796,96728,-1.7236e+17,304.86,0.12039,4.4492,0,0
1.0655,2.8426e+05,0.80033,96413,-1.7645e+17,304.66,0.12,4.4615,0,0
1.0626,2.8355e+05,0.80286,96080,-1.8078e+17,304.44,0.11959,4.4738,0,0
1.0594,2.8276e+05,0.80574,95707,-1.8562e+17,304.18,0.11912,4.4862,0,0
1.0562,2.8197e+05,0.80862,95334,-1.9046e+17,303.92,0.11866,4.4985,0,0
1.0529,2.8118e+05,0.8115,94962,-1.953e+17,303.66,0.1182,4.5108,0,0
1.0499,2.8043e+05,0.81405,94617,-1.9978e+17,303.43,0.11777,4.5231,0,0
1.047,2.7972e+05,0.81633,94293,-2.0398e+17,303.22,0.11736,4.5354,0,0
1.0442,2.79e+05,0.81862,93970,-2.0819e+17,303.01,0.11696,4.5477,0,0
1.0413,2.7829e+05,0.82091,93646,-2.1239e+17,302.8,0.11656,4.56,0,0
1.0399,2.7792e+05,0.82148,93500,-2.1429e+17,302.74,0.11638,4.5723,0,0
1.0388,2.7762e+05,0.82167,93392,-2.1569e+17,302.71,0.11624,4.5846,0,0
1.0377,2.7732e+05,0.82186,93284,-2.1709e+17,302.67,0.11611,4.5969,0,0
1.0367,2.7703e+05,0.82173,93194,-2.1826e+17,302.67,0.11599,4.6092,0,0
1.0369,2.7697e+05,0.81773,93316,-2.1668e+17,303.01,0.11615,4.6215,0,0
1.0371,2.7691e+05,0.81374,93437,-2.151e+17,303.36,0.1163,4.6338,0,0
1.0373,2.7684e+05,0.80974,93559,-2.1352e+17,303.7,0.11645,4.6462,0,0
1.0387,2.7708e+05,0.80486,93816,-2.1018e+17,304.11,0.11677,4.6585,0,0
1.0426,2.7793e+05,0.79821,94344,-2.0332e+17,304.67,0.11743,4.6708,0,0
1.0465,2.7879e+05,0.79155,94872,-1.9646e+17,305.23,0.11808,4.6831,0,0
1.0504,2.7964e+05,0.7849,95401,-1.896e+17,305.79,0.11874,4.6954,0,0
1.0556,2.8077e+05,0.77591,96109,-1.8041e+17,306.54,0.11962,4.7077,0,0
1.0617,2.8209e+05,0.76527,96943,-1.6957e+17,307.43,0.12066,4.72,0,0
1.0677,2.8342e+05,0.75463,97778,-1.5873e+17,308.31,0.1217,4.7323,0,0
1.0738,2.8474e+05,0.744,98612,-1.479e+17,309.2,0.12274,4.7446,0,0
1.0814,2.8639e+05,0.73119,99641,-1.3453e+17,310.23,0.12402,4.7569,0,0
1.0892,2.881e+05,0.71798,1.0071e+05,-1.207e+17,311.28,0.12534,4.7692,0,0
1.097,2.8981e+05,0.70476,1.0177e+05,-1.0687e+17,312.34,0.12667,4.7815,0,0
1.105,2.9154e+05,0.69136,1.0285e+05,-9.2839e+16,313.4,0.12802,4.7938,0,0
1.1139,2.9349e+05,0.67622,1.0407e+05,-7.6991e+16,314.56,0.12953,4.8062,0,0
1.1228,2.9544e+05,0.66108,1.0529e+05,-6.1143e+16,315.72,0.13105,4.8185,0,0
1.1317,2.9739e+05,0.64594,1.0651e+05,-4.5295e+16,316.88,0.13257,4.8308,0,0
1.1407,2.9935e+05,0.63039,1.0775e+05,-2.9225e+16,318.05,0.13411,4.8431,0,0
1.1498,3.0133e+05,0.61408,1.0902e+05,-1.275e+16,319.21,0.13569,4.8554,0,0
1.1589,3.0331e+05,0.59778,1.1029e+05,3.7244e+15,320.38,0.13727,4.8677,0,0
1.1681,3.053e+05,0.58148,1.1156e+05,2.0199e+16,321.55,0.13885,4.88,0,0
1.177,3.0723e+05,0.56487,1.1281e+05,3.6494e+16,322.68,0.14041,4.8923,0,0
1.1859,3.0914e+05,0.54806,1.1406e+05,5.2674e+16,323.8,0.14196,4.9046,0,0
1.1948,3.1105e+05,0.53125,1.153e+05,6.8855e+16,324.91,0.14351,4.9169,0,0
1.2036,3.1296e+05,0.51444,1.1655e+05,8.5036e+16,326.02,0.14506,4.9292,0,0
1.2121,3.148e+05,0.49711,1.1776e+05,1.0078e+17,327.09,0.14657,4.9415,0,0
1.2206,3.1662e+05,0.47969,1.1897e+05,1.1646e+17,328.15,0.14807,4.9538,0,0
1.229,3.1844e+05,0.46227,1.2018e+05,1.3214e+17,329.21,0.14958,4.9662,0,0
1.2373,3.2023e+05,0.44481,1.2137e+05,1.4761e+17,330.26,0.15106,4.9785,0,0
1.2447,3.2177e+05,0.42706,1.2244e+05,1.6151e+17,331.19,0.15239,4.9908,0,0
1.252,3.2331e+05,0.40932,1.2351e+05,1.754e+17,332.12,0.15372,5.0031,0,0
1.2594,3.2484e+05,0.39157,1.2458e+05,1.893e+17,333.05,0.15506,5.0154,0,0
1.2662,3.2624e+05,0.37396,1.2557e+05,2.0221e+17,333.91,0.15629,5.0277,0,0
1.2721,3.2741e+05,0.35655,1.2644e+05,2.135e+17,334.66,0.15737,5.04,0,0
1.278,3.2859e+05,0.33914,1.2731e+05,2.2479e+17,335.4,0.15846,5.0523,0,0
1.2839,3.2976e+05,0.32174,1.2818e+05,2.3608e+17,336.15,0.15954,5.0646,0,0
1.2891,3.308e+05,0.30444,1.2896e+05,2.4618e+17,336.8,0.16051,5.0769,0,0
1.2941,3.3176e+05,0.28721,1.2968e+05,2.5558e+17,337.4,0.16141,5.0892,0,0
1.299,3.3273e+05,0.26998,1.304e+05,2.6498e+17,338.01,0.16231,5.1015,0,0
1.3039,3.3369e+05,0.25275,1.3113e+05,2.7439e+17,338.61,0.16321,5.1138,0,0
1.3082,3.3457e+05,0.23592,1.3175e+05,2.8249e+17,339.08,0.16399,5.1262,0,0
1.3125,3.3544e+05,0.21912,1.3236e+05,2.9042e+17,339.54,0.16475,5.1385,0,0
1.3168,3.363e+05,0.20233,1.3297e+05,2.9836e+17,340,0.16551,5.1508,0,0
1.3209,3.3712e+05,0.18554,1.3356e+05,3.0592e+17,340.44,0.16623,5.1631,0,0
1.3237,3.3766e+05,0.1687,1.3397e+05,3.1124e+17,340.76,0.16674,5.1754,0,0
1.3265,3.3819e+05,0.15185,1.3437e+05,3.1655e+17,341.07,0.16725,5.1877,0,0
1.3293,3.3873e+05,0.13501,1.3478e+05,3.2187e+17,341.39,0.16776,5.2,0,0
1.3315,3.3912e+05,0.11812,1.3511e+05,3.2606e+17,341.64,0.16816,5.2123,0,0
1.3328,3.393e+05,0.10116,1.353e+05,3.2855e+17,341.81,0.1684,5.2246,0,0
1.334,3.3948e+05,0.084204,1.3549e+05,3.3104e+17,341.98,0.16864,5.2369,0,0
1.3352,3.3967e+05,0.067243,1.3568e+05,3.3353e+17,342.15,0.16888,5.2492,0,0
1.3357,3.397e+05,0.053461,1.3576e+05,3.3457e+17,342.23,0.16898,5.2615,0,0
1.3358,3.3967e+05,0.041341,1.3578e+05,3.3485e+17,342.26,0.169,5.2738,0,0
1.3359,3.3963e+05,0.029221,1.358e+05,3.3512e+17,342.29,0.16903,5.2862,0,0
1.3359,3.396e+05,0.017101,1.3583e+05,3.354e+17,342.33,0.16906,5.2985,0,0
1.3347,3.3928e+05,0.02997,1.3566e+05,3.3319e+17,342.21,0.16885,5.3108,0,0
1.3334,3.3894e+05,0.045238,1.3547e+05,3.3075e+17,342.08,0.16861,5.3231,0,0
1.332,3.386e+05,0.060506,1.3528e+05,3.283e+17,341.94,0.16838,5.3354,0,0
1.3304,3.3819e+05,0.076161,1.3505e+05,3.2534e+17,341.78,0.16809,5.3477,0,0
1.3275,3.3748e+05,0.093734,1.3463e+05,3.1983e+17,341.46,0.16757,5.36,0,0
1.3245,3.3676e+05,0.11131,1.342e+05,3.1431e+17,341.14,0.16704,5.3723,0,0
1.3216,3.3605e+05,0.12888,1.3378e+05,3.088e+17,340.82,0.16651,5.3846,0,0
1.318,3.3521e+05,0.14626,1.3327e+05,3.0223e+17,340.45,0.16588,5.3969,0,0
1.3136,3.342e+05,0.16336,1.3266e+05,2.9423e+17,340.01,0.16511,5.4092,0,0
1.3092,3.3319e+05,0.18047,1.3204e+05,2.8624e+17,339.57,0.16435,5.4215,0,0
1.3048,3.3218e+05,0.19758,1.3142e+05,2.7824e+17,339.12,0.16358,5.4338,0,0
1.2997,3.3101e+05,0.21473,1.307e+05,2.6879e+17,338.59,0.16267,5.4462,0,0
1.2941,3.2976e+05,0.2319,1.2992e+05,2.5866e+17,338.01,0.1617,5.4585,0,0
1.2885,3.2851e+05,0.24907,1.2914e+05,2.4852e+17,337.44,0.16073,5.4708,0,0
1.2829,3.2726e+05,0.26623,1.2836e+05,2.3839e+17,336.86,0.15976,5.4831,0,0
1.2765,3.2585e+05,0.2835,1.2745e+05,2.2665e+17,336.18,0.15863,5.4954,0,0
1.2699,3.2443e+05,0.30076,1.2654e+05,2.148e+17,335.48,0.1575,5.5077,0,0
1.2634,3.2301e+05,0.31803,1.2563e+05,2.0295e+17,334.79,0.15636,5.52,0,0
1.2568,3.2156e+05,0.33521,1.247e+05,1.9089e+17,334.08,0.15521,5.5323,0,0
1.2496,3.2003e+05,0.352,1.237e+05,1.7794e+17,333.29,0.15397,5.5446,0,0
1.2425,3.185e+05,0.36879,1.227e+05,1.6499e+17,332.5,0.15273,5.5569,0,0
1.2353,3.1696e+05,0.38558,1.2171e+05,1.5205e+17,331.72,0.15148,5.5692,0,0
1.228,3.1537e+05,0.40163,1.2069e+05,1.3886e+17,330.92,0.15022,5.5815,0,0
1.2204,3.1372e+05,0.41676,1.1965e+05,1.2538e+17,330.11,0.14893,5.5938,0,0
1.2128,3.1206e+05,0.43188,1.1862e+05,1.1191e+17,329.3,0.14764,5.6062,0,0
1.2051,3.104e+05,0.44701,1.1758e+05,9.8428e+16,328.5,0.14635,5.6185,0,0
1.198,3.0884e+05,0.46037,1.1661e+05,8.5885e+16,327.73,0.14514,5.6308,0,0
1.1911,3.0733e+05,0.47299,1.1568e+05,7.3737e+16,326.98,0.14398,5.6431,0,0
1.1842,3.0581e+05,0.4856,1.1474e+05,6.159e+16,326.24,0.14282,5.6554,0,0
1.1773,3.0429e+05,0.49822,1.1381e+05,4.9442e+16,325.49,0.14165,5.6677,0,0
1.1723,3.0318e+05,0.5054,1.1317e+05,4.1232e+16,325.06,0.14086,5.68,0,0
1.1673,3.0207e+05,0.51235,1.1256e+05,3.3192e+16,324.65,0.14009,5.6923,0,0
1.1624,3.0097e+05,0.5193,1.1194e+05,2.5153e+16,324.24,0.13932,5.7046,0,0
1.1585,3.0009e+05,0.52455,1.1145e+05,1.8826e+16,323.92,0.13872,5.7169,0,0
1.1583,3e+05,0.52362,1.1145e+05,1.8779e+16,323.97,0.13871,5.7292,0,0
1.1581,2.9992e+05,0.52268,1.1144e+05,1.8732e+16,324.01,0.13871,5.7415,0,0
1.1579,2.9983e+05,0.52174,1.1144e+05,1.8685e+16,324.06,0.1387,5.7538,0,0
1.1619,3.0089e+05,0.51429,1.1206e+05,2.6696e+16,324.69,0.13947,5.7662,0,0
1.1709,3.0324e+05,0.49949,1.1337e+05,4.3793e+16,325.99,0.14111,5.7785,0,0
1.1798,3.056e+05,0.4847,1.1469e+05,6.089e+16,327.28,0.14275,5.7908,0,0
1.1887,3.0795e+05,0.46991,1.16e+05,7.7986e+16,328.58,0.14439,5.8031,0,0
1.1968,3.0987e+05,0.4496,1.1729e+05,9.4666e+16,329.95,0.14599,5.8154,0,0
1.2046,3.1164e+05,0.4272,1.1856e+05,1.1119e+17,331.35,0.14757,5.8277,0,0
1.2125,3.134e+05,0.40481,1.1983e+05,1.2771e+17,332.75,0.14915,5.84,0,0
1.2203,3.1516e+05,0.38241,1.2111e+05,1.4423e+17,334.15,0.15074,5.8523,0,0
1.2307,3.1769e+05,0.35113,1.2277e+05,1.6588e+17,335.85,0.15281,5.8646,0,0
1.2411,3.2024e+05,0.31968,1.2445e+05,1.8762e+17,337.56,0.15489,5.8769,0,0
1.2515,3.2278e+05,0.28823,1.2612e+05,2.0936e+17,339.28,0.15698,5.8892,0,0
1.2603,3.2492e+05,0.25729,1.2758e+05,2.2831e+17,340.84,0.15879,5.9015,0,0
1.2638,3.2576e+05,0.228,1.2835e+05,2.3827e+17,341.92,0.15975,5.9138,0,0
1.2674,3.2659e+05,0.19871,1.2911e+05,2.4823e+17,343.01,0.1607,5.9262,0,0
1.2709,3.2743e+05,0.16943,1.2988e+05,2.5819e+17,344.09,0.16166,5.9385,0,0
1.2721,3.2768e+05,0.14341,1.3029e+05,2.6354e+17,344.86,0.16217,5.9508,0,0
1.2709,3.2734e+05,0.12076,1.3034e+05,2.6415e+17,345.31,0.16223,5.9631,0,0
1.2697,3.2699e+05,0.098103,1.3039e+05,2.6476e+17,345.76,0.16229,5.9754,0,0
1.2685,3.2664e+05,0.07545,1.3043e+05,2.6537e+17,346.21,0.16235,5.9877,0,0
1.2686,3.2615e+05,0.063167,1.3031e+05,2.6376e+17,345.85,0.16219,6,0,0
1.2692,3.2561e+05,0.054362,1.3013e+05,2.614e+17,345.22,0.16196,6.0123,0,0
1.2697,3.2507e+05,0.045556,1.2995e+05,2.5904e+17,344.59,0.16174,6.0246,0,0
1.2703,3.2453e+05,0.036805,1.2976e+05,2.5668e+17,343.96,0.16151,6.0369,0,0
1.2718,3.2444e+05,0.03968,1.2972e+05,2.561e+17,343.43,0.16146,6.0492,0,0
1.2733,3.2436e+05,0.042554,1.2968e+05,2.5552e+17,342.9,0.1614,6.0615,0,0
1.2748,3.2427e+05,0.045429,1.2963e+05,2.5494e+17,342.37,0.16135,6.0738,0,0
1.2756,3.2406e+05,0.050331,1.2953e+05,2.5363e+17,341.91,0.16122,6.0862,0,0
1.2741,3.2354e+05,0.060993,1.2927e+05,2.5023e+17,341.61,0.16089,6.0985,0,0
1.2726,3.2301e+05,0.071655,1.2901e+05,2.4683e+17,341.31,0.16057,6.1108,0,0
1.2712,3.2249e+05,0.082316,1.2874e+05,2.4343e+17,341.01,0.16024,6.1231,0,0
1.2698,3.2208e+05,0.09453,1.285e+05,2.4027e+17,340.73,0.15994,6.1354,0,0
1.2686,3.2179e+05,0.1082,1.2827e+05,2.3733e+17,340.47,0.15966,6.1477,0,0
1.2673,3.215e+05,0.12187,1.2805e+05,2.3438e+17,340.2,0.15938,6.16,0,0
1.266,3.2121e+05,0.13553,1.2782e+05,2.3144e+17,339.93,0.15909,6.1723,0,0
1.2633,3.2058e+05,0.1513,1.2739e+05,2.2589e+17,339.54,0.15856,6.1846,0,0
1.2601,3.1984e+05,0.16768,1.2691e+05,2.1958e+17,339.1,0.15796,6.1969,0,0
1.2569,3.1911e+05,0.18406,1.2642e+05,2.1326e+17,338.66,0.15735,6.2092,0,0
1.2537,3.1837e+05,0.20046,1.2593e+05,2.0688e+17,338.22,0.15674,6.2215,0,0
1.2493,3.1741e+05,0.21734,1.2528e+05,1.985e+17,337.66,0.15594,6.2338,0,0
1.2449,3.1646e+05,0.23423,1.2464e+05,1.9012e+17,337.11,0.15513,6.2462,0,0
1.2405,3.155e+05,0.25111,1.2399e+05,1.8174e+17,336.56,0.15433,6.2585,0,0
1.2357,3.1449e+05,0.26801,1.2331e+05,1.7285e+17,335.98,0.15348,6.2708,0,0
1.2302,3.1333e+05,0.28496,1.2252e+05,1.6265e+17,335.33,0.1525,6.2831,0,0
1.2247,3.1218e+05,0.3019,1.2174e+05,1.5245e+17,334.68,0.15152,6.2954,0,0
1.2192,3.1102e+05,0.31885,1.2095e+05,1.4225e+17,334.03,0.15055,6.3077,0,0
1.2132,3.0977e+05,0.33561,1.2011e+05,1.3131e+17,333.33,0.1495,6.32,0,0
1.2069,3.0846e+05,0.3522,1.1922e+05,1.1974e+17,332.59,0.14839,6.3323,0,0
1.2005,3.0714e+05,0.36879,1.1833e+05,1.0818e+17,331.85,0.14728,6.3446,0,0
1.1942,3.0582e+05,0.38539,1.1744e+05,9.6609e+16,331.12,0.14617,6.3569,0,0
1.1874,3.0441e+05,0.40129,1.165e+05,8.4424e+16,330.33,0.145,6.3692,0,0
1.1806,3.0298e+05,0.41701,1.1555e+05,7.2081e+16,329.54,0.14382,6.3815,0,0
1.1737,3.0155e+05,0.43273,1.146e+05,5.9737e+16,328.74,0.14264,6.3938,0,0
1.1668,3.0012e+05,0.44839,1.1365e+05,4.7381e+16,327.94,0.14145,6.4062,0,0
1.1597,2.9862e+05,0.46286,1.1268e+05,3.4792e+16,327.12,0.14025,6.4185,0,0
1.1527,2.9711e+05,0.47732,1.1171e+05,2.2201e+16,326.29,0.13904,6.4308,0,0
1.1456,2.9561e+05,0.49179,1.1074e+05,9.6118e+15,325.47,0.13783,6.4431,0,0
1.1385,2.9411e+05,0.50575,1.0978e+05,-2.845e+15,324.65,0.13664,6.4554,0,0
1.1316,2.9261e+05,0.51859,1.0884e+05,-1.5001e+16,323.85,0.13548,6.4677,0,0
1.1246,2.9112e+05,0.53142,1.0791e+05,-2.7158e+16,323.06,0.13431,6.48,0,0
1.1176,2.8962e+05,0.54426,1.0697e+05,-3.9314e+16,322.26,0.13315,6.4923,0,0
1.111,2.8817e+05,0.55605,1.0608e+05,-5.0858e+16,321.5,0.13204,6.5046,0,0
1.1046,2.8677e+05,0.56704,1.0523e+05,-6.1925e+16,320.76,0.13098,6.5169,0,0
1.0981,2.8536e+05,0.57802,1.0438e+05,-7.2992e+16,320.02,0.12992,6.5292,0,0
1.0917,2.8396e+05,0.589,1.0353e+05,-8.4059e+16,319.29,0.12886,6.5415,0,0
1.0861,2.8272e+05,0.59822,1.0279e+05,-9.3659e+16,318.64,0.12794,6.5538,0,0
1.0807,2.8152e+05,0.60703,1.0207e+05,-1.0293e+17,318.02,0.12705,6.5662,0,0
1.0752,2.8031e+05,0.61585,1.0136e+05,-1.1221e+17,317.39,0.12616,6.5785,0,0
1.0699,2.7913e+05,0.6245,1.0066e+05,-1.2132e+17,316.78,0.12529,6.5908,0,0
1.0657,2.7819e+05,0.63103,1.0011e+05,-1.2838e+17,316.3,0.12461,6.6031,0,0
1.0615,2.7726e+05,0.63755,99571,-1.3545e+17,315.82,0.12393,6.6154,0,0
1.0573,2.7632e+05,0.64407,99027,-1.4251e+17,315.34,0.12325,6.6277,0,0
1.0536,2.7548e+05,0.64979,98543,-1.4879e+17,314.91,0.12265,6.64,0,0
1.0508,2.7484e+05,0.65388,98184,-1.5346e+17,314.61,0.12221,6.6523,0,0
1.0479,2.742e+05,0.65796,97824,-1.5813e+17,314.3,0.12176,6.6646,0,0
1.0451,2.7356e+05,0.66205,97464,-1.628e+17,314,0.12131,6.6769,0,0
1.0432,2.7313e+05,0.66479,97223,-1.6594e+17,313.79,0.12101,6.6892,0,0
1.042,2.7285e+05,0.66657,97065,-1.6798e+17,313.65,0.12081,6.7015,0,0
1.0408,2.7257e+05,0.66836,96908,-1.7003e+17,313.51,0.12062,6.7138,0,0
1.0395,2.7229e+05,0.67014,96751,-1.7207e+17,313.37,0.12042,6.7262,0,0
1.039,2.7215e+05,0.67024,96696,-1.7278e+17,313.35,0.12035,6.7385,0,0
1.0386,2.7203e+05,0.67001,96660,-1.7324e+17,313.35,0.12031,6.7508,0,0
1.0383,2.7191e+05,0.66979,96625,-1.737e+17,313.35,0.12027,6.7631,0,0
1.038,2.7182e+05,0.66935,96610,-1.739e+17,313.36,0.12025,6.7754,0,0
1.0392,2.7208e+05,0.66686,96782,-1.7166e+17,313.56,0.12046,6.7877,0,0
1.0404,2.7234e+05,0.66437,96955,-1.6941e+17,313.76,0.12068,6.8,0,0
1.0416,2.7261e+05,0.66188,97128,-1.6717e+17,313.96,0.12089,6.8123,0,0
1.0433,2.7296e+05,0.65869,97355,-1.6422e+17,314.2,0.12117,6.8246,0,0
1.0456,2.7347e+05,0.65424,97681,-1.5999e+17,314.54,0.12158,6.8369,0,0
1.048,2.7398e+05,0.64978,98007,-1.5575e+17,314.87,0.12199,6.8492,0,0
1.0504,2.745e+05,0.64532,98333,-1.5152e+17,315.21,0.12239,6.8615,0,0
1.0535,2.7518e+05,0.63967,98755,-1.4603e+17,315.63,0.12292,6.8738,0,0
1.057,2.7596e+05,0.63325,99239,-1.3975e+17,316.11,0.12352,6.8862,0,0
1.0606,2.7674e+05,0.62684,99723,-1.3346e+17,316.59,0.12412,6.8985,0,0
1.0641,2.7752e+05,0.62042,1.0021e+05,-1.2718e+17,317.07,0.12472,6.9108,0,0
1.0679,2.7834e+05,0.61346,1.0072e+05,-1.2049e+17,317.56,0.12536,6.9231,0,0
1.0717,2.7917e+05,0.60642,1.0124e+05,-1.1375e+17,318.06,0.12601,6.9354,0,0
1.0755,2.7999e+05,0.59938,1.0176e+05,-1.07e+17,318.56,0.12666,6.9477,0,0
1.0793,2.808e+05,0.59249,1.0227e+05,-1.0044e+17,319.05,0.12729,6.96,0,0
1.0822,2.8142e+05,0.58678,1.0267e+05,-9.5222e+16,319.43,0.12779,6.9723,0,0
1.0851,2.8204e+05,0.58107,1.0307e+05,-9.0008e+16,319.82,0.12829,6.9846,0,0
1.088,2.8266e+05,0.57536,1.0347e+05,-8.4793e+16,320.2,0.12879,6.9969,0,0
1.0903,2.8314e+05,0.5706,1.0379e+05,-8.0591e+16,320.52,0.12919,7.0092,0,0
1.0917,2.8341e+05,0.56741,1.0399e+05,-7.8074e+16,320.72,0.12943,7.0215,0,0
1.093,2.8367e+05,0.56422,1.0418e+05,-7.5557e+16,320.92,0.12967,7.0338,0,0
1.0944,2.8394e+05,0.56103,1.0438e+05,-7.304e+16,321.12,0.12991,7.0462,0,0
1.0949,2.8402e+05,0.55956,1.0445e+05,-7.208e+16,321.21,0.13,7.0585,0,0
1.0948,2.8399e+05,0.55911,1.0445e+05,-7.2031e+16,321.23,0.13001,7.0708,0,0
1.0948,2.8396e+05,0.55865,1.0446e+05,-7.1981e+16,321.25,0.13001,7.0831,0,0
1.0948,2.8394e+05,0.55819,1.0446e+05,-7.1932e+16,321.27,0.13002,7.0954,0,0
1.0928,2.8342e+05,0.56104,1.0419e+05,-7.5495e+16,321.02,0.12968,7.1077,0,0
1.0905,2.8285e+05,0.5643,1.0388e+05,-7.9517e+16,320.73,0.12929,7.12,0,0
1.0882,2.8227e+05,0.56757,1.0357e+05,-8.354e+16,320.44,0.12891,7.1323,0,0
1.0857,2.8165e+05,0.57132,1.0323e+05,-8.7983e+16,320.12,0.12848,7.1446,0,0
1.0817,2.8073e+05,0.57792,1.0269e+05,-9.4954e+16,319.64,0.12781,7.1569,0,0
1.0776,2.7981e+05,0.58453,1.0215e+05,-1.0192e+17,319.16,0.12714,7.1692,0,0
1.0736,2.7889e+05,0.59113,1.0162e+05,-1.0889e+17,318.68,0.12648,7.1815,0,0
1.0689,2.7784e+05,0.59902,1.0099e+05,-1.1702e+17,318.11,0.1257,7.1938,0,0
1.0632,2.7658e+05,0.60886,1.0023e+05,-1.2689e+17,317.41,0.12475,7.2062,0,0
1.0575,2.7533e+05,0.6187,99470,-1.3676e+17,316.7,0.12381,7.2185,0,0
1.0517,2.7407e+05,0.62853,98710,-1.4662e+17,316,0.12286,7.2308,0,0
1.0453,2.7266e+05,0.63931,97864,-1.5761e+17,315.21,0.12181,7.2431,0,0
1.0385,2.7116e+05,0.65058,96973,-1.6918e+17,314.38,0.1207,7.2554,0,0
1.0317,2.6967e+05,0.66185,96082,-1.8075e+17,313.55,0.11959,7.2677,0,0
1.0249,2.6817e+05,0.67313,95191,-1.9232e+17,312.71,0.11848,7.28,0,0
1.0179,2.6661e+05,0.68428,94284,-2.0411e+17,311.85,0.11735,7.2923,0,0
1.0109,2.6504e+05,0.69542,93374,-2.1592e+17,311,0.11622,7.3046,0,0
1.0038,2.6347e+05,0.70655,92465,-2.2772e+17,310.14,0.11509,7.3169,0,0
0.99697,2.6195e+05,0.7174,91583,-2.3918e+17,309.3,0.11399,7.3292,0,0
0.99119,2.6067e+05,0.72674,90837,-2.4887e+17,308.55,0.11306,7.3415,0,0
0.98541,2.5939e+05,0.73608,90090,-2.5857e+17,307.81,0.11213,7.3538,0,0
0.97964,2.5811e+05,0.74543,89344,-2.6826e+17,307.07,0.1112,7.3662,0,0
0.97474,2.5701e+05,0.75288,88723,-2.7632e+17,306.47,0.11043,7.3785,0,0
0.97104,2.5616e+05,0.75774,88275,-2.8214e+17,306.08,0.10987,7.3908,0,0
0.96735,2.5532e+05,0.76259,87827,-2.8796e+17,305.69,0.10932,7.4031,0,0
0.96366,2.5447e+05,0.76745,87380,-2.9377e+17,305.3,0.10876,7.4154,0,0
0.96288,2.5433e+05,0.76766,87323,-2.9451e+17,305.35,0.10869,7.4277,0,0
0.9635,2.5452e+05,0.76565,87453,-2.9282e+17,305.61,0.10885,7.44,0,0
0.96411,2.5471e+05,0.76364,87582,-2.9114e+17,305.87,0.10901,7.4523,0,0
0.96472,2.549e+05,0.76163,87712,-2.8945e+17,306.13,0.10917,7.4646,0,0
0.9788,2.5839e+05,0.74087,89602,-2.6491e+17,308.14,0.11152,7.4769,0,0
0.99383,2.6213e+05,0.71877,91618,-2.3873e+17,310.28,0.11403,7.4892,0,0
1.0089,2.6586e+05,0.69666,93634,-2.1255e+17,312.42,0.11654,7.5015,0,0
1.0243,2.6961e+05,0.67272,95715,-1.8551e+17,314.59,0.11913,7.5138,0,0
1.0416,2.7342e+05,0.64093,98081,-1.548e+17,316.92,0.12208,7.5262,0,0
1.059,2.7722e+05,0.60913,1.0045e+05,-1.2408e+17,319.24,0.12502,7.5385,0,0
1.0763,2.8103e+05,0.57733,1.0281e+05,-9.3364e+16,321.57,0.12797,7.5508,0,0
1.0935,2.8483e+05,0.54414,1.0519e+05,-6.2453e+16,323.85,0.13093,7.5631,0,0
1.1106,2.8862e+05,0.50919,1.0759e+05,-3.1297e+16,326.05,0.13391,7.5754,0,0
1.1278,2.924e+05,0.47425,1.0999e+05,-1.4186e+14,328.26,0.1369,7.5877,0,0
1.1449,2.9619e+05,0.43931,1.1239e+05,3.1014e+16,330.47,0.13989,7.6,0,0
1.1555,2.9838e+05,0.41025,1.1395e+05,5.1272e+16,332,0.14183,7.6123,0,0
1.1633,2.9988e+05,0.38372,1.1515e+05,6.6871e+16,333.24,0.14332,7.6246,0,0
1.1711,3.0138e+05,0.35718,1.1635e+05,8.247e+16,334.48,0.14482,7.6369,0,0
1.1789,3.0288e+05,0.33064,1.1755e+05,9.8068e+16,335.72,0.14631,7.6492,0,0
1.1836,3.0382e+05,0.31144,1.1829e+05,1.0768e+17,336.49,0.14723,7.6615,0,0
1.1882,3.0474e+05,0.29258,1.1901e+05,1.1703e+17,337.23,0.14813,7.6738,0,0
1.1928,3.0566e+05,0.27372,1.1973e+05,1.2637e+17,337.97,0.14902,7.6862,0,0
1.1968,3.0647e+05,0.25629,1.2037e+05,1.3468e+17,338.63,0.14982,7.6985,0,0
1.1991,3.0686e+05,0.24418,1.2072e+05,1.3918e+17,338.97,0.15025,7.7108,0,0
1.2013,3.0726e+05,0.23208,1.2106e+05,1.4367e+17,339.3,0.15068,7.7231,0,0
1.2036,3.0765e+05,0.21998,1.2141e+05,1.4817e+17,339.64,0.15111,7.7354,0,0
1.2054,3.0795e+05,0.21009,1.2167e+05,1.5161e+17,339.88,0.15144,7.7477,0,0
1.2066,3.0813e+05,0.20272,1.2185e+05,1.5384e+17,340,0.15166,7.76,0,0
1.2079,3.0832e+05,0.19535,1.2202e+05,1.5607e+17,340.12,0.15187,7.7723,0,0
1.2092,3.085e+05,0.18798,1.2219e+05,1.583e+17,340.24,0.15208,7.7846,0,0
1.2103,3.0867e+05,0.18293,1.2232e+05,1.6002e+17,340.29,0.15225,7.7969,0,0
1.2114,3.0884e+05,0.17876,1.2244e+05,1.6155e+17,340.32,0.1524,7.8092,0,0
1.2124,3.0901e+05,0.17459,1.2256e+05,1.6308e+17,340.35,0.15254,7.8215,0,0
1.2135,3.0918e+05,0.17043,1.2268e+05,1.6461e+17,340.38,0.15269,7.8338,0,0
1.214,3.0921e+05,0.16861,1.2271e+05,1.6503e+17,340.34,0.15273,7.8462,0,0
1.2144,3.0924e+05,0.16685,1.2274e+05,1.6543e+17,340.3,0.15277,7.8585,0,0
1.2149,3.0926e+05,0.16509,1.2277e+05,1.6583e+17,340.25,0.15281,7.8708,0,0
1.2154,3.0931e+05,0.16382,1.228e+05,1.6623e+17,340.19,0.15284,7.8831,0,0
1.2161,3.094e+05,0.16415,1.2283e+05,1.6668e+17,340.09,0.15289,7.8954,0,0
1.2168,3.095e+05,0.16448,1.2287e+05,1.6712e+17,339.99,0.15293,7.9077,0,0
1.2175,3.0959e+05,0.16482,1.229e+05,1.6756e+17,339.88,0.15297,7.92,0,0
1.2179,3.0962e+05,0.16572,1.229e+05,1.6758e+17,339.77,0.15297,7.9323,0,0
1.218,3.0958e+05,0.16723,1.2287e+05,1.6716e+17,339.66,0.15293,7.9446,0,0
1.2181,3.0955e+05,0.16873,1.2284e+05,1.6674e+17,339.54,0.15289,7.9569,0,0
1.2182,3.0951e+05,0.17023,1.2281e+05,1.6633e+17,339.42,0.15285,7.9692,0,0
1.2181,3.0944e+05,0.17273,1.2275e+05,1.656e+17,339.31,0.15278,7.9815,0,0
1.2178,3.0937e+05,0.17556,1.2269e+05,1.6476e+17,339.2,0.1527,7.9938,0,0
1.2176,3.0929e+05,0.17839,1.2262e+05,1.6393e+17,339.09,0.15262,8.0062,0,0
1.2173,3.0921e+05,0.18122,1.2256e+05,1.6309e+17,338.98,0.15254,8.0185,0,0
1.2166,3.0903e+05,0.18538,1.2243e+05,1.6145e+17,338.84,0.15239,8.0308,0,0
1.2158,3.0884e+05,0.18954,1.223e+05,1.598e+17,338.7,0.15223,8.0431,0,0
1.2151,3.0866e+05,0.1937,1.2218e+05,1.5815e+17,338.55,0.15207,8.0554,0,0
1.2143,3.0848e+05,0.19816,1.2205e+05,1.5646e+17,338.41,0.15191,8.0677,0,0
1.2135,3.0831e+05,0.20351,1.2191e+05,1.5462e+17,338.25,0.15173,8.08,0,0
1.2126,3.0814e+05,0.20887,1.2176e+05,1.5278e+17,338.09,0.15156,8.0923,0,0
1.2118,3.0797e+05,0.21422,1.2162e+05,1.5094e+17,337.93,0.15138,8.1046,0,0
1.2107,3.0773e+05,0.22014,1.2144e+05,1.4862e+17,337.74,0.15116,8.1169,0,0
1.2093,3.0744e+05,0.2266,1.2123e+05,1.4583e+17,337.52,0.15089,8.1292,0,0
1.208,3.0715e+05,0.23306,1.2101e+05,1.4304e+17,337.3,0.15062,8.1415,0,0
1.2067,3.0685e+05,0.23952,1.208e+05,1.4026e+17,337.08,0.15035,8.1538,0,0
1.205,3.065e+05,0.24652,1.2054e+05,1.3693e+17,336.82,0.15004,8.1662,0,0
1.2033,3.0612e+05,0.25369,1.2028e+05,1.3345e+17,336.55,0.1497,8.1785,0,0
1.2016,3.0574e+05,0.26086,1.2001e+05,1.2996e+17,336.28,0.14937,8.1908,0,0
1.1998,3.0537e+05,0.26805,1.1974e+05,1.2646e+17,336.01,0.14903,8.2031,0,0
1.1976,3.0488e+05,0.27587,1.194e+05,1.2212e+17,335.69,0.14862,8.2154,0,0
1.1954,3.044e+05,0.2837,1.1907e+05,1.1779e+17,335.37,0.1482,8.2277,0,0
1.1932,3.0391e+05,0.29152,1.1874e+05,1.1346e+17,335.05,0.14779,8.24,0,0
1.1909,3.0341e+05,0.29943,1.1839e+05,1.0895e+17,334.73,0.14736,8.2523,0,0
1.1883,3.0285e+05,0.30756,1.1801e+05,1.04e+17,334.37,0.14688,8.2646,0,0
1.1857,3.0228e+05,0.3157,1.1763e+05,9.9038e+16,334.02,0.1464,8.2769,0,0
1.1831,3.0172e+05,0.32384,1.1724e+05,9.4081e+16,333.67,0.14593,8.2892,0,0
1.1804,3.0114e+05,0.33187,1.1685e+05,8.8983e+16,333.31,0.14544,8.3015,0,0
1.1776,3.0055e+05,0.33982,1.1645e+05,8.3764e+16,332.94,0.14494,8.3138,0,0
1.1748,2.9996e+05,0.34778,1.1605e+05,7.8545e+16,332.58,0.14444,8.3262,0,0
1.1721,2.9936e+05,0.35573,1.1565e+05,7.3326e+16,332.22,0.14394,8.3385,0,0
1.1694,2.9879e+05,0.36303,1.1526e+05,6.8335e+16,331.88,0.14346,8.3508,0,0
1.1667,2.9823e+05,0.37017,1.1488e+05,6.3403e+16,331.54,0.14299,8.3631,0,0
1.164,2.9767e+05,0.37731,1.145e+05,5.8471e+16,331.21,0.14252,8.3754,0,0
1.1614,2.9712e+05,0.38438,1.1413e+05,5.3588e+16,330.87,0.14205,8.3877,0,0
1.1593,2.967e+05,0.39024,1.1383e+05,4.9676e+16,330.59,0.14167,8.4,0,0
1.1572,2.9628e+05,0.39611,1.1352e+05,4.5764e+16,330.32,0.1413,8.4123,0,0
1.1551,2.9587e+05,0.40197,1.1322e+05,4.1853e+16,330.04,0.14092,8.4246,0,0
1.1531,2.9548e+05,0.40719,1.1295e+05,3.8272e+16,329.8,0.14058,8.4369,0,0
1.1515,2.9515e+05,0.41093,1.1273e+05,3.5448e+16,329.63,0.14031,8.4492,0,0
1.1498,2.9482e+05,0.41466,1.1251e+05,3.2624e+16,329.47,0.14004,8.4615,0,0
1.1481,2.945e+05,0.4184,1.1229e+05,2.98e+16,329.31,0.13977,8.4738,0,0
1.1474,2.9438e+05,0.42102,1.1218e+05,2.835e+16,329.21,0.13963,8.4862,0,0
1.1472,2.9442e+05,0.42275,1.1215e+05,2.798e+16,329.16,0.13959,8.4985,0,0
1.1471,2.9446e+05,0.42448,1.1213e+05,2.7609e+16,329.11,0.13956,8.5108,0,0
1.147,2.945e+05,0.42621,1.121e+05,2.7239e+16,329.06,0.13952,8.5231,0,0
1.1471,2.9456e+05,0.42584,1.1213e+05,2.7683e+16,329.12,0.13957,8.5354,0,0
1.1473,2.9463e+05,0.425,1.1218e+05,2.8312e+16,329.21,0.13963,8.5477,0,0
1.1475,2.947e+05,0.42415,1.1223e+05,2.894e+16,329.3,0.13969,8.56,0,0
1.1478,2.9479e+05,0.42313,1.1229e+05,2.9719e+16,329.39,0.13976,8.5723,0,0
1.1492,2.9512e+05,0.41977,1.125e+05,3.2453e+16,329.6,0.14002,8.5846,0,0
1.1507,2.9545e+05,0.4164,1.1271e+05,3.5187e+16,329.8,0.14029,8.5969,0,0
1.1521,2.9579e+05,0.41303,1.1292e+05,3.7921e+16,330,0.14055,8.6092,0,0
1.1537,2.9613e+05,0.40927,1.1315e+05,4.0862e+16,330.22,0.14083,8.6215,0,0
1.1555,2.9652e+05,0.4047,1.1341e+05,4.4232e+16,330.45,0.14115,8.6338,0,0
1.1573,2.969e+05,0.40012,1.1367e+05,4.7601e+16,330.69,0.14148,8.6462,0,0
1.1591,2.9729e+05,0.39555,1.1392e+05,5.097e+16,330.93,0.1418,8.6585,0,0
1.1607,2.9761e+05,0.39137,1.1415e+05,5.3858e+16,331.13,0.14207,8.6708,0,0
1.162,2.9788e+05,0.38747,1.1434e+05,5.64e+16,331.32,0.14232,8.6831,0,0
1.1633,2.9814e+05,0.38356,1.1454e+05,5.8942e+16,331.5,0.14256,8.6954,0,0
1.1647,2.9841e+05,0.37966,1.1473e+05,6.1485e+16,331.69,0.14281,8.7077,0,0
1.1653,2.9853e+05,0.37807,1.1482e+05,6.2567e+16,331.76,0.14291,8.72,0,0
1.1657,2.9862e+05,0.37692,1.1488e+05,6.3369e+16,331.8,0.14299,8.7323,0,0
1.1662,2.9871e+05,0.37577,1.1494e+05,6.4171e+16,331.85,0.14306,8.7446,0,0
1.1666,2.9878e+05,0.37484,1.1499e+05,6.4805e+16,331.88,0.14312,8.7569,0,0
1.1662,2.9867e+05,0.3761,1.1492e+05,6.3834e+16,331.79,0.14303,8.7692,0,0
1.1657,2.9855e+05,0.37735,1.1484e+05,6.2863e+16,331.7,0.14294,8.7815,0,0
1.1653,2.9843e+05,0.37861,1.1477e+05,6.1892e+16,331.61,0.14284,8.7938,0,0
1.164,2.9809e+05,0.38147,1.1457e+05,5.93e+16,331.4,0.1426,8.8062,0,0
1.1611,2.9733e+05,0.38731,1.1414e+05,5.3704e+16,330.98,0.14206,8.8185,0,0
1.1581,2.9657e+05,0.39315,1.137e+05,4.8107e+16,330.57,0.14152,8.8308,0,0
1.1552,2.9581e+05,0.39898,1.1327e+05,4.2511e+16,330.15,0.14099,8.8431,0,0
1.1518,2.9503e+05,0.40657,1.1279e+05,3.6212e+16,329.7,0.14038,8.8554,0,0
1.1482,2.9424e+05,0.41529,1.1227e+05,2.9458e+16,329.22,0.13974,8.8677,0,0
1.1445,2.9344e+05,0.42401,1.1175e+05,2.2704e+16,328.75,0.13909,8.88,0,0
1.1408,2.9265e+05,0.43273,1.1123e+05,1.595e+16,328.27,0.13844,8.8923,0,0
1.1351,2.914e+05,0.4448,1.1044e+05,5.6774e+15,327.56,0.13746,8.9046,0,0
1.1291,2.9008e+05,0.45742,1.096e+05,-5.1601e+15,326.82,0.13642,8.9169,0,0
1.1231,2.8876e+05,0.47004,1.0877e+05,-1.5997e+16,326.07,0.13538,8.9292,0,0
1.117,2.8742e+05,0.48281,1.0792e+05,-2.6977e+16,325.31,0.13433,8.9415,0,0
1.1103,2.8599e+05,0.49677,1.07e+05,-3.9024e+16,324.46,0.13317,8.9538,0,0
1.1035,2.8455e+05,0.51074,1.0607e+05,-5.1073e+16,323.61,0.13202,8.9662,0,0
1.0968,2.8312e+05,0.5247,1.0514e+05,-6.312e+16,322.76,0.13086,8.9785,0,0
1.0898,2.8163e+05,0.5389,1.0418e+05,-7.5617e+16,321.87,0.12967,8.9908,0,0
1.0823,2.8003e+05,0.55349,1.0316e+05,-8.8866e+16,320.91,0.1284,9.0031,0,0
1.0748,2.7843e+05,0.56808,1.0214e+05,-1.0211e+17,319.95,0.12713,9.0154,0,0
1.0673,2.7683e+05,0.58267,1.0112e+05,-1.1536e+17,318.99,0.12586,9.0277,0,0
1.0596,2.7517e+05,0.59693,1.0008e+05,-1.2881e+17,318.02,0.12457,9.04,0,0
1.0517,2.7348e+05,0.611,99038,-1.4237e+17,317.04,0.12327,9.0523,0,0
1.0439,2.7179e+05,0.62507,97993,-1.5593e+17,316.05,0.12197,9.0646,0,0
1.0361,2.701e+05,0.63913,96949,-1.6949e+17,315.07,0.12067,9.0769,0,0
1.0284,2.6841e+05,0.6522,95939,-1.8262e+17,314.1,0.11941,9.0892,0,0
1.0207,2.6673e+05,0.66514,94932,-1.9569e+17,313.14,0.11816,9.1015,0,0
1.013,2.6504e+05,0.67807,93926,-2.0876e+17,312.17,0.11691,9.1138,0,0
1.0054,2.6338e+05,0.69074,92938,-2.2158e+17,311.23,0.11568,9.1262,0,0
0.99871,2.619e+05,0.70175,92066,-2.3291e+17,310.37,0.11459,9.1385,0,0
0.99198,2.6041e+05,0.71276,91194,-2.4423e+17,309.51,0.11351,9.1508,0,0
0.98525,2.5892e+05,0.72377,90323,-2.5555e+17,308.66,0.11242,9.1631,0,0
0.97898,2.5753e+05,0.73383,89516,-2.6603e+17,307.87,0.11142,9.1754,0,0
0.97342,2.5628e+05,0.74245,88808,-2.7522e+17,307.17,0.11054,9.1877,0,0
0.96787,2.5503e+05,0.75106,88101,-2.844e+17,306.47,0.10966,9.2,0,0
0.96231,2.5379e+05,0.75968,87393,-2.9359e+17,305.77,0.10878,9.2123,0,0
0.95796,2.5281e+05,0.76652,86839,-3.0079e+17,305.22,0.10809,9.2246,0,0
0.95424,2.5198e+05,0.77242,86367,-3.0692e+17,304.74,0.1075,9.2369,0,0
0.95053,2.5116e+05,0.77831,85895,-3.1306e+17,304.25,0.10691,9.2492,0,0
0.94682,2.5033e+05,0.78421,85422,-3.1919e+17,303.77,0.10632,9.2615,0,0
0.94558,2.5003e+05,0.78582,85269,-3.2118e+17,303.62,0.10613,9.2738,0,0
0.9446,2.4979e+05,0.787,85148,-3.2275e+17,303.51,0.10598,9.2862,0,0
0.94362,2.4954e+05,0.78818,85027,-3.2432e+17,303.39,0.10583,9.2985,0,0
0.94342,2.4948e+05,0.78818,85007,-3.2458e+17,303.38,0.10581,9.3108,0,0
0.94725,2.5037e+05,0.78219,85503,-3.1814e+17,303.91,0.10642,9.3231,0,0
0.95108,2.5126e+05,0.77619,85999,-3.117e+17,304.44,0.10704,9.3354,0,0
0.95491,2.5215e+05,0.77019,86495,-3.0526e+17,304.98,0.10766,9.3477,0,0
0.96002,2.5334e+05,0.76214,87161,-2.966e+17,305.68,0.10849,9.36,0,0
0.96691,2.5494e+05,0.75124,88064,-2.8488e+17,306.64,0.10961,9.3723,0,0
0.9738,2.5654e+05,0.74034,88967,-2.7315e+17,307.59,0.11073,9.3846,0,0
0.98069,2.5814e+05,0.72944,89870,-2.6143e+17,308.54,0.11186,9.3969,0,0
0.98769,2.5972e+05,0.71789,90790,-2.4948e+17,309.49,0.113,9.4092,0,0
0.99475,2.6129e+05,0.70602,91719,-2.3742e+17,310.42,0.11416,9.4215,0,0
1.0018,2.6286e+05,0.69416,92647,-2.2536e+17,311.36,0.11531,9.4338,0,0
1.0089,2.6443e+05,0.68229,93575,-2.1331e+17,312.29,0.11647,9.4462,0,0
1.0156,2.6592e+05,0.67082,94465,-2.0175e+17,313.17,0.11758,9.4585,0,0
1.0223,2.674e+05,0.65938,95352,-1.9023e+17,314.04,0.11868,9.4708,0,0
1.029,2.6888e+05,0.64794,96240,-1.7871e+17,314.9,0.11979,9.4831,0,0
1.0354,2.703e+05,0.6368,97097,-1.6758e+17,315.74,0.12085,9.4954,0,0
1.0408,2.7148e+05,0.62697,97823,-1.5814e+17,316.46,0.12176,9.5077,0,0
1.0461,2.7265e+05,0.61714,98550,-1.487e+17,317.17,0.12266,9.52,0,0
1.0515,2.7382e+05,0.6073,99276,-1.3927e+17,317.88,0.12357,9.5323,0,0
1.0566,2.7494e+05,0.59813,99963,-1.3035e+17,318.53,0.12442,9.5446,0,0
1.0614,2.76e+05,0.58979,1.006e+05,-1.2209e+17,319.11,0.12521,9.5569,0,0
1.0662,2.7705e+05,0.58145,1.0124e+05,-1.1383e+17,319.68,0.126,9.5692,0,0
1.071,2.781e+05,0.57311,1.0187e+05,-1.0557e+17,320.25,0.1268,9.5815,0,0
1.0746,2.7887e+05,0.56498,1.0239e+05,-9.8776e+16,320.82,0.12745,9.5938,0,0
1.0777,2.7951e+05,0.55695,1.0287e+05,-9.2619e+16,321.38,0.12804,9.6062,0,0
1.0808,2.8016e+05,0.54891,1.0334e+05,-8.6461e+16,321.94,0.12863,9.6185,0,0
1.0839,2.808e+05,0.54088,1.0382e+05,-8.0304e+16,322.49,0.12922,9.6308,0,0
1.0875,2.816e+05,0.53551,1.0427e+05,-7.4427e+16,322.82,0.12978,9.6431,0,0
1.0912,2.8242e+05,0.53028,1.0472e+05,-6.8563e+16,323.13,0.13034,9.6554,0,0
1.0948,2.8323e+05,0.52505,1.0517e+05,-6.2701e+16,323.44,0.1309,9.6677,0,0
1.0986,2.8408e+05,0.51965,1.0564e+05,-5.6583e+16,323.77,0.13149,9.68,0,0
1.103,2.8508e+05,0.51363,1.0619e+05,-4.9508e+16,324.15,0.13217,9.6923,0,0
1.1073,2.8608e+05,0.50761,1.0673e+05,-4.2433e+16,324.54,0.13285,9.7046,0,0
1.1116,2.8709e+05,0.50159,1.0728e+05,-3.5359e+16,324.92,0.13352,9.7169,0,0
1.1138,2.8753e+05,0.49689,1.0758e+05,-3.1484e+16,325.19,0.1339,9.7292,0,0
1.1135,2.8734e+05,0.4937,1.0759e+05,-3.1286e+16,325.33,0.13391,9.7415,0,0
1.1132,2.8714e+05,0.49052,1.0761e+05,-3.1087e+16,325.47,0.13393,9.7538,0,0
1.1129,2.8695e+05,0.48733,1.0762e+05,-3.0889e+16,325.61,0.13395,9.7662,0,0
1.1136,2.871e+05,0.48521,1.0774e+05,-2.9391e+16,325.74,0.1341,9.7785,0,0
1.1148,2.8738e+05,0.4835,1.0789e+05,-2.7389e+16,325.87,0.13429,9.7908,0,0
1.1159,2.8767e+05,0.48179,1.0805e+05,-2.5388e+16,325.99,0.13448,9.8031,0,0
1.1171,2.8795e+05,0.48008,1.082e+05,-2.3387e+16,326.12,0.13467,9.8154,0,0
1.117,2.8792e+05,0.48052,1.0817e+05,-2.371e+16,326.07,0.13464,9.8277,0,0
1.1169,2.8788e+05,0.48102,1.0815e+05,-2.4089e+16,326.02,0.1346,9.84,0,0
1.1167,2.8784e+05,0.48152,1.0812e+05,-2.4467e+16,325.97,0.13457,9.8523,0,0
1.1162,2.877e+05,0.48286,1.0803e+05,-2.5617e+16,325.86,0.13446,9.8646,0,0
1.1143,2.8725e+05,0.48702,1.0774e+05,-2.9311e+16,325.55,0.1341,9.8769,0,0
1.1125,2.8679e+05,0.49117,1.0746e+05,-3.3006e+16,325.23,0.13375,9.8892,0,0
1.1106,2.8634e+05,0.49533,1.0717e+05,-3.6701e+16,324.92,0.1334,9.9015,0,0
1.1057,2.8517e+05,0.50222,1.0654e+05,-4.4879e+16,324.43,0.13261,9.9138,0,0
1.0977,2.8325e+05,0.51197,1.0555e+05,-5.7752e+16,323.75,0.13138,9.9262,0,0
1.0896,2.8133e+05,0.52173,1.0456e+05,-7.0624e+16,323.08,0.13014,9.9385,0,0
1.0816,2.7941e+05,0.53148,1.0357e+05,-8.3496e+16,322.4,0.12891,9.9508,0,0
1.0818,2.8007e+05,0.55007,1.0325e+05,-8.7631e+16,321.37,0.12851,9.9631,0,0
1.0848,2.8163e+05,0.57171,1.0317e+05,-8.8763e+16,320.21,0.12841,9.9754,0,0
1.0878,2.8319e+05,0.59334,1.0308e+05,-8.9895e+16,319.05,0.1283,9.9877,0,0
1.0908,2.8474e+05,0.61497,1.0299e+05,-9.1027e+16,317.89,0.12819,10,0,0
